272590368,5184,71,1024,5184,132877
272590368,5184,71,1024,5184,132877
272590368,5184,71,1024,5184,132877
272590368,5184,71,1024,5184,132877
272590368,1296,72,1024,5184,134173
1966170112,1369,72,1024,5184,134246
1965278752,2304,72,1024,5184,134341
1965723648,2304,72,1024,5184,134436
1965723648,2304,72,1024,5184,134436
1965725216,2304,72,1024,5184,134531
1965740032,2209,72,1024,5184,134531
1965740032,2209,72,1024,5184,134531
1965740032,2209,72,1024,5184,134531
1965740032,2209,72,1024,5184,134531
1965740032,2209,72,1024,5184,134531
1965741600,2209,72,1024,5184,134624
1965741600,2209,72,1024,5184,134624
1965741600,2209,72,1024,5184,134624
1965268992,2116,72,1024,5184,134624
1965268992,2116,72,1024,5184,134624
1965268992,2116,72,1024,5184,134624
1965270560,2025,72,1024,5184,134624
1965270560,2025,72,1024,5184,134624
1965270560,2025,72,1024,5184,134624
1965273088,1936,72,1024,5184,134624
1965273088,1936,72,1024,5184,134624
1965273088,1936,72,1024,5184,134624
1965274656,1849,72,1024,5184,134624
1965274656,1849,72,1024,5184,134624
1965274656,1849,72,1024,5184,134624
199467008,1764,72,1024,5184,134624
199467008,1764,72,1024,5184,134624
199467008,1764,72,1024,5184,134624
1421133344,1024,72,1024,5184,134624
1421133344,1024,72,1024,5184,134624
1421133344,1024,72,1024,5184,134624
1421127680,1024,72,1024,5184,134624
1421127680,1024,72,1024,5184,134624
1421127680,1024,72,1024,5184,134624
1422870048,1225,72,1024,5184,134624
1422870048,1225,72,1024,5184,134624
1422870048,1225,72,1024,5184,134624
1422870048,1225,72,1024,5184,134624
1422870048,1225,72,1024,5184,134624
1422870048,1225,72,1024,5184,134624
1421131776,1089,72,1024,5184,134624
1421131776,1089,72,1024,5184,134624
1422032896,1089,72,1024,5184,134624
1420703264,1681,72,1024,5184,134624
1420703264,1681,72,1024,5184,134624
274522112,2209,72,1024,5184,134624
274522112,2209,72,1024,5184,134624
283852800,2116,72,1024,5184,134624
283852800,2116,72,1024,5184,134624
1422874144,1764,72,1024,5184,134624
1421129248,2704,72,1024,5184,134624
1421129248,2704,72,1024,5184,134624
1421592096,1156,72,1024,5184,134624
82400800,1296,72,1024,5184,134624
283856896,1521,72,1024,5184,134624
283856896,1521,72,1024,5184,134624
283856896,1521,72,1024,5184,134624
283856896,1521,72,1024,5184,134624
283848704,1600,72,1024,5184,134624
283848704,1600,72,1024,5184,134624
1420697600,1849,72,1024,5184,134624
1420697600,1849,72,1024,5184,134624
1420697600,1849,72,1024,5184,134624
1421135872,2500,72,1024,5184,134624
1421135872,2500,72,1024,5184,134624
1421135872,2500,72,1024,5184,134624
274526208,2704,72,1024,5184,134624
274526208,2704,72,1024,5184,134624
1420699168,2025,72,1024,5184,134624
1420699168,2025,72,1024,5184,134624
1420699168,2025,72,1024,5184,134624
283858464,2401,72,1024,5184,134624
283858464,2401,72,1024,5184,134624
283858464,2401,72,1024,5184,134624
283850272,2601,72,1024,5184,134624
283850272,2601,72,1024,5184,134624
283850272,2601,72,1024,5184,134624
1420701696,1936,72,1024,5184,134624
1420701696,1936,72,1024,5184,134624
1420701696,1936,72,1024,5184,134624
1422405632,2304,72,1024,5184,134624
1422405632,2304,72,1024,5184,134624
1422405632,2304,72,1024,5184,134624
1421588000,2209,72,1024,5184,134624
1421588000,2209,72,1024,5184,134624
1421588000,2209,72,1024,5184,134624
1422028800,1444,72,1024,5184,134624
1422028800,1444,72,1024,5184,134624
1422028800,1444,72,1024,5184,134624
1423327232,1849,72,1024,5184,134624
1423327232,1849,72,1024,5184,134624
1423327232,1849,72,1024,5184,134624
283854368,1369,72,1024,5184,134624
283854368,1369,72,1024,5184,134624
283854368,1369,72,1024,5184,134624
1422403104,1681,72,1024,5184,134624
1422403104,1681,72,1024,5184,134624
1422403104,1681,72,1024,5184,134624
1421590528,2304,72,1024,5184,134624
1421590528,2304,72,1024,5184,134624
1421590528,2304,72,1024,5184,134624
1422026272,1369,72,1024,5184,134624
1422401536,1936,72,1024,5184,134624
1422401536,1936,72,1024,5184,134624
1421586432,2401,72,1024,5184,134624
1421586432,2401,72,1024,5184,134624
1421586432,2401,72,1024,5184,134624
1422407200,1521,72,1024,5184,134624
1422407200,1521,72,1024,5184,134624
1422407200,1521,72,1024,5184,134624
1422030368,2116,72,1024,5184,134624
1422030368,2116,72,1024,5184,134624
1422030368,2116,72,1024,5184,134624
1422868480,1764,72,1024,5184,134624
1422868480,1764,72,1024,5184,134624
1422868480,1764,72,1024,5184,134624
1422868480,1764,72,1024,5184,134624
1422868480,1764,72,1024,5184,134624
1422868480,1764,72,1024,5184,134624
1422024704,1156,72,1024,5184,134624
1422034464,2025,72,1024,5184,134624
1422034464,2025,72,1024,5184,134624
1422034464,2025,72,1024,5184,134624
83838496,2500,72,1024,5184,134624
1421137440,1296,72,1024,5184,134624
1422876672,1600,72,1024,5184,134624
1423332896,2601,72,1024,5184,134624
1423328800,1225,72,1024,5184,134624
1422872576,1444,72,1024,5184,134624
1422872576,1444,72,1024,5184,134624
1422872576,1444,72,1024,5184,134624
1963460128,1024,72,1024,5184,134624
1964365344,2025,72,1024,5184,134624
1964365344,2025,72,1024,5184,134624
1970038304,1156,72,1024,5184,134624
1970036736,2704,72,1024,5184,134624
1978205728,1024,72,1024,5184,134624
1978205728,1024,72,1024,5184,134624
1978205728,1024,72,1024,5184,134624
1978205728,1024,72,1024,5184,134624
1978205728,1024,72,1024,5184,134624
1978205728,1024,72,1024,5184,134624
1978205728,1024,72,1024,5184,134624
1978204160,2116,72,1024,5184,134624
1978204160,2116,72,1024,5184,134624
-1173041152,2209,72,1024,5184,134624
-1173041152,2209,72,1024,5184,134624
-1173043680,1225,72,1024,5184,134624
-1172557824,1296,72,1024,5184,134624
-1163993088,1681,72,1024,5184,134624
-1164437984,2209,72,1024,5184,134624
-1164437984,2209,72,1024,5184,134624
-1164437984,2209,72,1024,5184,134624
-1159626752,2304,72,1024,5184,134624
237264896,2401,72,1024,5184,134624
237264896,2401,72,1024,5184,134624
236799520,1024,72,1024,5184,134624
249349664,1089,72,1024,5184,134624
1762965024,2704,72,1024,5184,134624
1762965024,2704,72,1024,5184,134624
1762965024,2704,72,1024,5184,134624
1762965024,2704,72,1024,5184,134624
274519584,1936,72,1024,5184,134624
1423331328,5184,72,1024,5184,134624
1423331328,5184,72,1024,5184,134624
1423331328,5184,72,1024,5184,134624
1423331328,5184,72,1024,5184,134624
1423331328,5184,72,1024,5184,134624
1423331328,5184,72,1024,5184,134624
1423331328,5184,72,1024,5184,134624
1423331328,5184,72,1024,5184,134624
1423331328,5184,72,1024,5184,134624
1423331328,5184,72,1024,5184,134624
1423331328,5184,72,1024,5184,134624
1423331328,5184,72,1024,5184,134624
1423331328,5184,72,1024,5184,134624
1423331328,5184,72,1024,5184,134624
1423331328,5184,72,1024,5184,134624
1423331328,5184,72,1024,5184,134624
1423331328,5184,72,1024,5184,134624
1423331328,5184,72,1024,5184,134624
1423331328,5184,72,1024,5184,134624
1423331328,1369,73,1024,5184,135993
272590368,1369,73,1024,5184,136066
272590368,1369,73,1024,5184,136066
1966170112,1369,73,1024,5184,136066
1965278752,2401,73,1024,5184,136163
1965278752,2401,73,1024,5184,136163
1965723648,2401,73,1024,5184,136260
1965723648,2401,73,1024,5184,136260
1965725216,2304,73,1024,5184,136260
1965740032,2304,73,1024,5184,136355
1965740032,2304,73,1024,5184,136355
1965741600,2209,73,1024,5184,136355
1965268992,2116,73,1024,5184,136355
1965270560,2025,73,1024,5184,136355
1965270560,2025,73,1024,5184,136355
1965273088,1936,73,1024,5184,136355
1965274656,1849,73,1024,5184,136355
1965274656,1849,73,1024,5184,136355
199467008,1764,73,1024,5184,136355
1421133344,1024,73,1024,5184,136355
1421133344,1024,73,1024,5184,136355
1421133344,1024,73,1024,5184,136355
1421127680,1024,73,1024,5184,136355
1421127680,1024,73,1024,5184,136355
1421127680,1024,73,1024,5184,136355
1422870048,1225,73,1024,5184,136355
1422870048,1225,73,1024,5184,136355
1422870048,1225,73,1024,5184,136355
1421131776,1089,73,1024,5184,136355
1421131776,1089,73,1024,5184,136355
1421131776,1089,73,1024,5184,136355
1422032896,1089,73,1024,5184,136355
1422032896,1089,73,1024,5184,136355
1422032896,1089,73,1024,5184,136355
1420703264,1681,73,1024,5184,136355
1420703264,1681,73,1024,5184,136355
1420703264,1681,73,1024,5184,136355
274522112,2209,73,1024,5184,136355
274522112,2209,73,1024,5184,136355
274522112,2209,73,1024,5184,136355
283852800,2116,73,1024,5184,136355
283852800,2116,73,1024,5184,136355
283852800,2116,73,1024,5184,136355
1422874144,1764,73,1024,5184,136355
1422874144,1764,73,1024,5184,136355
1422874144,1764,73,1024,5184,136355
1421129248,2704,73,1024,5184,136355
1421129248,2704,73,1024,5184,136355
1421129248,2704,73,1024,5184,136355
1421592096,1156,73,1024,5184,136355
1421592096,1156,73,1024,5184,136355
1421592096,1156,73,1024,5184,136355
82400800,1296,73,1024,5184,136355
82400800,1296,73,1024,5184,136355
82400800,1296,73,1024,5184,136355
283856896,1521,73,1024,5184,136355
283856896,1521,73,1024,5184,136355
283856896,1521,73,1024,5184,136355
283848704,1600,73,1024,5184,136355
283848704,1600,73,1024,5184,136355
283848704,1600,73,1024,5184,136355
1420697600,1849,73,1024,5184,136355
1420697600,1849,73,1024,5184,136355
1420697600,1849,73,1024,5184,136355
1421135872,2500,73,1024,5184,136355
1421135872,2500,73,1024,5184,136355
1421135872,2500,73,1024,5184,136355
274526208,2704,73,1024,5184,136355
274526208,2704,73,1024,5184,136355
274526208,2704,73,1024,5184,136355
1420699168,2025,73,1024,5184,136355
1420699168,2025,73,1024,5184,136355
1420699168,2025,73,1024,5184,136355
283858464,2401,73,1024,5184,136355
283858464,2401,73,1024,5184,136355
283858464,2401,73,1024,5184,136355
283858464,2401,73,1024,5184,136355
283858464,2401,73,1024,5184,136355
283850272,2601,73,1024,5184,136355
283850272,2601,73,1024,5184,136355
1420701696,1936,73,1024,5184,136355
1422405632,2304,73,1024,5184,136355
1421588000,2209,73,1024,5184,136355
1421588000,2209,73,1024,5184,136355
1422028800,1444,73,1024,5184,136355
1423327232,1849,73,1024,5184,136355
1423327232,1849,73,1024,5184,136355
283854368,1369,73,1024,5184,136355
1422403104,1681,73,1024,5184,136355
1422403104,1681,73,1024,5184,136355
1421590528,2304,73,1024,5184,136355
1422026272,1369,73,1024,5184,136355
1422401536,1936,73,1024,5184,136355
1421586432,2401,73,1024,5184,136355
1422407200,1521,73,1024,5184,136355
1422030368,2116,73,1024,5184,136355
1422030368,2116,73,1024,5184,136355
1422030368,2116,73,1024,5184,136355
1422030368,2116,73,1024,5184,136355
1422030368,2116,73,1024,5184,136355
1422030368,2116,73,1024,5184,136355
1422030368,2116,73,1024,5184,136355
1422868480,1764,73,1024,5184,136355
1422868480,1764,73,1024,5184,136355
1422024704,1156,73,1024,5184,136355
1422034464,2025,73,1024,5184,136355
83838496,2500,73,1024,5184,136355
1421137440,1296,73,1024,5184,136355
1422876672,1600,73,1024,5184,136355
1422876672,1600,73,1024,5184,136355
1423332896,2601,73,1024,5184,136355
1423328800,1225,73,1024,5184,136355
1423328800,1225,73,1024,5184,136355
1422872576,1444,73,1024,5184,136355
1963460128,1024,73,1024,5184,136355
1963460128,1024,73,1024,5184,136355
1964365344,2025,73,1024,5184,136355
1964365344,2025,73,1024,5184,136355
1970038304,1156,73,1024,5184,136355
1970038304,1156,73,1024,5184,136355
1970038304,1156,73,1024,5184,136355
1970038304,1156,73,1024,5184,136355
1970038304,1156,73,1024,5184,136355
1970038304,1156,73,1024,5184,136355
1970036736,2704,73,1024,5184,136355
1970036736,2704,73,1024,5184,136355
1978205728,1024,73,1024,5184,136355
1978204160,2116,73,1024,5184,136355
1978204160,2116,73,1024,5184,136355
-1173041152,2209,73,1024,5184,136355
-1173043680,1225,73,1024,5184,136355
-1173043680,1225,73,1024,5184,136355
-1173043680,1225,73,1024,5184,136355
-1173043680,1225,73,1024,5184,136355
-1172557824,1296,73,1024,5184,136355
-1172557824,1296,73,1024,5184,136355
-1172557824,1296,73,1024,5184,136355
-1163993088,1681,73,1024,5184,136355
-1163993088,1681,73,1024,5184,136355
-1163993088,1681,73,1024,5184,136355
-1164437984,2209,73,1024,5184,136355
-1164437984,2209,73,1024,5184,136355
-1164437984,2209,73,1024,5184,136355
-1159626752,2304,73,1024,5184,136355
-1159626752,2304,73,1024,5184,136355
-1159626752,2304,73,1024,5184,136355
237264896,2401,73,1024,5184,136355
237264896,2401,73,1024,5184,136355
237264896,2401,73,1024,5184,136355
236799520,1024,73,1024,5184,136355
236799520,1024,73,1024,5184,136355
236799520,1024,73,1024,5184,136355
249349664,1089,73,1024,5184,136355
249349664,1089,73,1024,5184,136355
249349664,1089,73,1024,5184,136355
1762965024,2704,73,1024,5184,136355
1762965024,2704,73,1024,5184,136355
1762965024,2704,73,1024,5184,136355
1422878240,1936,73,1024,5184,136355
274519584,5184,73,1024,5184,136355
274519584,5184,73,1024,5184,136355
274519584,5184,73,1024,5184,136355
274519584,5184,73,1024,5184,136355
274519584,5184,73,1024,5184,136355
274519584,5184,73,1024,5184,136355
274519584,5184,73,1024,5184,136355
274519584,5184,73,1024,5184,136355
274519584,5184,73,1024,5184,136355
274519584,5184,73,1024,5184,136355
274519584,5184,73,1024,5184,136355
274519584,5184,73,1024,5184,136355
274519584,5184,73,1024,5184,136355
274519584,5184,73,1024,5184,136355
274519584,5184,73,1024,5184,136355
274519584,5184,73,1024,5184,136355
274519584,5184,73,1024,5184,136355
274519584,1444,74,1024,5184,137799
1423331328,1369,74,1024,5184,137799
1423331328,1369,74,1024,5184,137799
272590368,1444,74,1024,5184,137874
1966170112,1444,74,1024,5184,137949
1966170112,1444,74,1024,5184,137949
1965278752,2401,74,1024,5184,137949
1965723648,2401,74,1024,5184,137949
1965723648,2401,74,1024,5184,137949
1965725216,2304,74,1024,5184,137949
1965725216,2304,74,1024,5184,137949
1965740032,2304,74,1024,5184,137949
1965740032,2304,74,1024,5184,137949
1965741600,2209,74,1024,5184,137949
1965268992,2116,74,1024,5184,137949
1965270560,2025,74,1024,5184,137949
1965273088,1936,74,1024,5184,137949
1965274656,1849,74,1024,5184,137949
1965274656,1849,74,1024,5184,137949
1965274656,1849,74,1024,5184,137949
199467008,1764,74,1024,5184,137949
199467008,1764,74,1024,5184,137949
199467008,1764,74,1024,5184,137949
1421133344,1024,74,1024,5184,137949
1421133344,1024,74,1024,5184,137949
1421133344,1024,74,1024,5184,137949
1421127680,1024,74,1024,5184,137949
1421127680,1024,74,1024,5184,137949
1421127680,1024,74,1024,5184,137949
1422870048,1225,74,1024,5184,137949
1422870048,1225,74,1024,5184,137949
1422870048,1225,74,1024,5184,137949
1421131776,1089,74,1024,5184,137949
1421131776,1089,74,1024,5184,137949
1421131776,1089,74,1024,5184,137949
1422032896,1089,74,1024,5184,137949
1422032896,1089,74,1024,5184,137949
1420703264,1681,74,1024,5184,137949
1420703264,1681,74,1024,5184,137949
1420703264,1681,74,1024,5184,137949
274522112,2209,74,1024,5184,137949
274522112,2209,74,1024,5184,137949
274522112,2209,74,1024,5184,137949
283852800,2116,74,1024,5184,137949
283852800,2116,74,1024,5184,137949
283852800,2116,74,1024,5184,137949
1422874144,1764,74,1024,5184,137949
1422874144,1764,74,1024,5184,137949
1422874144,1764,74,1024,5184,137949
1421129248,2704,74,1024,5184,137949
1421129248,2704,74,1024,5184,137949
1421129248,2704,74,1024,5184,137949
1421592096,1156,74,1024,5184,137949
1421592096,1156,74,1024,5184,137949
1421592096,1156,74,1024,5184,137949
82400800,1296,74,1024,5184,137949
82400800,1296,74,1024,5184,137949
82400800,1296,74,1024,5184,137949
283856896,1521,74,1024,5184,137949
283856896,1521,74,1024,5184,137949
283856896,1521,74,1024,5184,137949
283848704,1600,74,1024,5184,137949
283848704,1600,74,1024,5184,137949
283848704,1600,74,1024,5184,137949
1420697600,1849,74,1024,5184,137949
1420697600,1849,74,1024,5184,137949
1420697600,1849,74,1024,5184,137949
1421135872,2500,74,1024,5184,137949
1421135872,2500,74,1024,5184,137949
1421135872,2500,74,1024,5184,137949
274526208,2704,74,1024,5184,137949
274526208,2704,74,1024,5184,137949
274526208,2704,74,1024,5184,137949
1420699168,2025,74,1024,5184,137949
1420699168,2025,74,1024,5184,137949
1420699168,2025,74,1024,5184,137949
283858464,2401,74,1024,5184,137949
283858464,2401,74,1024,5184,137949
283858464,2401,74,1024,5184,137949
283858464,2401,74,1024,5184,137949
283858464,2401,74,1024,5184,137949
283850272,2601,74,1024,5184,137949
1420701696,1936,74,1024,5184,137949
1420701696,1936,74,1024,5184,137949
1422405632,2304,74,1024,5184,137949
1422405632,2304,74,1024,5184,137949
1421588000,2209,74,1024,5184,137949
1422028800,1444,74,1024,5184,137949
1423327232,1849,74,1024,5184,137949
1423327232,1849,74,1024,5184,137949
283854368,1369,74,1024,5184,137949
1422403104,1681,74,1024,5184,137949
1422403104,1681,74,1024,5184,137949
1421590528,2304,74,1024,5184,137949
1422026272,1369,74,1024,5184,137949
1422026272,1369,74,1024,5184,137949
1422026272,1369,74,1024,5184,137949
1422026272,1369,74,1024,5184,137949
1422026272,1369,74,1024,5184,137949
1422026272,1369,74,1024,5184,137949
1422026272,1369,74,1024,5184,137949
1422401536,1936,74,1024,5184,137949
1421586432,2401,74,1024,5184,137949
1422407200,1521,74,1024,5184,137949
1422407200,1521,74,1024,5184,137949
1422030368,2116,74,1024,5184,137949
1422868480,1764,74,1024,5184,137949
1422868480,1764,74,1024,5184,137949
1422024704,1156,74,1024,5184,137949
1422024704,1156,74,1024,5184,137949
1422034464,2025,74,1024,5184,137949
83838496,2500,74,1024,5184,137949
1421137440,1296,74,1024,5184,137949
1422876672,1600,74,1024,5184,137949
1422876672,1600,74,1024,5184,137949
1423332896,2601,74,1024,5184,137949
1423328800,1225,74,1024,5184,137949
1423328800,1225,74,1024,5184,137949
1422872576,1444,74,1024,5184,137949
1963460128,1024,74,1024,5184,137949
1964365344,2025,74,1024,5184,137949
1964365344,2025,74,1024,5184,137949
1970038304,1156,74,1024,5184,137949
1970038304,1156,74,1024,5184,137949
1970038304,1156,74,1024,5184,137949
1970036736,2704,74,1024,5184,137949
1970036736,2704,74,1024,5184,137949
1970036736,2704,74,1024,5184,137949
1978205728,1024,74,1024,5184,137949
1978205728,1024,74,1024,5184,137949
1978205728,1024,74,1024,5184,137949
1978204160,2116,74,1024,5184,137949
1978204160,2116,74,1024,5184,137949
1978204160,2116,74,1024,5184,137949
-1173041152,2209,74,1024,5184,137949
-1173041152,2209,74,1024,5184,137949
-1173041152,2209,74,1024,5184,137949
-1173043680,1225,74,1024,5184,137949
-1173043680,1225,74,1024,5184,137949
-1173043680,1225,74,1024,5184,137949
-1172557824,1296,74,1024,5184,137949
-1172557824,1296,74,1024,5184,137949
-1172557824,1296,74,1024,5184,137949
-1163993088,1681,74,1024,5184,137949
-1163993088,1681,74,1024,5184,137949
-1163993088,1681,74,1024,5184,137949
-1164437984,2209,74,1024,5184,137949
-1164437984,2209,74,1024,5184,137949
-1164437984,2209,74,1024,5184,137949
-1159626752,2304,74,1024,5184,137949
-1159626752,2304,74,1024,5184,137949
-1159626752,2304,74,1024,5184,137949
237264896,2401,74,1024,5184,137949
237264896,2401,74,1024,5184,137949
237264896,2401,74,1024,5184,137949
236799520,1024,74,1024,5184,137949
236799520,1024,74,1024,5184,137949
236799520,1024,74,1024,5184,137949
249349664,1089,74,1024,5184,137949
249349664,1089,74,1024,5184,137949
249349664,1089,74,1024,5184,137949
1762965024,2704,74,1024,5184,137949
1762965024,2704,74,1024,5184,137949
1762965024,2704,74,1024,5184,137949
1424830464,1936,74,1024,5184,137949
1422878240,5184,74,1024,5184,137949
1422878240,5184,74,1024,5184,137949
1422878240,5184,74,1024,5184,137949
1422878240,5184,74,1024,5184,137949
1422878240,5184,74,1024,5184,137949
1422878240,5184,74,1024,5184,137949
1422878240,5184,74,1024,5184,137949
1422878240,5184,74,1024,5184,137949
1422878240,5184,74,1024,5184,137949
1422878240,5184,74,1024,5184,137949
1422878240,5184,74,1024,5184,137949
1422878240,5184,74,1024,5184,137949
1422878240,5184,74,1024,5184,137949
1422878240,5184,74,1024,5184,137949
1422878240,5184,74,1024,5184,137949
1422878240,5184,74,1024,5184,137949
1422878240,5184,74,1024,5184,137949
1422878240,5184,74,1024,5184,137949
1422878240,5184,74,1024,5184,137949
1422878240,1521,75,1024,5184,139470
274519584,1444,75,1024,5184,139470
1423331328,1521,75,1024,5184,139622
272590368,1521,75,1024,5184,139699
272590368,1521,75,1024,5184,139699
272590368,1521,75,1024,5184,139699
1966170112,1444,75,1024,5184,139699
1966170112,1444,75,1024,5184,139699
1966170112,1444,75,1024,5184,139699
1965278752,2401,75,1024,5184,139699
1965278752,2401,75,1024,5184,139699
1965278752,2401,75,1024,5184,139699
1965278752,2401,75,1024,5184,139699
1965278752,2401,75,1024,5184,139699
1965278752,2401,75,1024,5184,139699
1965723648,2401,75,1024,5184,139699
1965723648,2401,75,1024,5184,139699
1965725216,2401,75,1024,5184,139796
1965740032,2304,75,1024,5184,139796
1965740032,2304,75,1024,5184,139796
1965741600,2209,75,1024,5184,139796
1965268992,2116,75,1024,5184,139796
1965268992,2116,75,1024,5184,139796
1965270560,2025,75,1024,5184,139796
1965273088,1936,75,1024,5184,139796
1965274656,1849,75,1024,5184,139796
1965274656,1849,75,1024,5184,139796
199467008,1764,75,1024,5184,139796
1421133344,1024,75,1024,5184,139796
1421127680,1024,75,1024,5184,139796
1421127680,1024,75,1024,5184,139796
1421127680,1024,75,1024,5184,139796
1421127680,1024,75,1024,5184,139796
1421127680,1024,75,1024,5184,139796
1421127680,1024,75,1024,5184,139796
1421127680,1024,75,1024,5184,139796
1421127680,1024,75,1024,5184,139796
1422870048,1225,75,1024,5184,139796
1422870048,1225,75,1024,5184,139796
1421131776,1089,75,1024,5184,139796
1422032896,1089,75,1024,5184,139796
1420703264,1681,75,1024,5184,139796
274522112,2209,75,1024,5184,139796
283852800,2116,75,1024,5184,139796
283852800,2116,75,1024,5184,139796
1422874144,1764,75,1024,5184,139796
1421129248,2704,75,1024,5184,139796
1421592096,1156,75,1024,5184,139796
1421592096,1156,75,1024,5184,139796
82400800,1296,75,1024,5184,139796
283856896,1521,75,1024,5184,139796
283856896,1521,75,1024,5184,139796
283848704,1600,75,1024,5184,139796
1420697600,1849,75,1024,5184,139796
1420697600,1849,75,1024,5184,139796
1421135872,2500,75,1024,5184,139796
1421135872,2500,75,1024,5184,139796
274526208,2704,75,1024,5184,139796
274526208,2704,75,1024,5184,139796
274526208,2704,75,1024,5184,139796
1420699168,2025,75,1024,5184,139796
1420699168,2025,75,1024,5184,139796
283858464,2401,75,1024,5184,139796
283850272,2601,75,1024,5184,139796
1420701696,1936,75,1024,5184,139796
1422405632,2304,75,1024,5184,139796
1421588000,2209,75,1024,5184,139796
1421588000,2209,75,1024,5184,139796
1422028800,1444,75,1024,5184,139796
1423327232,1849,75,1024,5184,139796
283854368,1369,75,1024,5184,139796
283854368,1369,75,1024,5184,139796
1422403104,1681,75,1024,5184,139796
1421590528,2304,75,1024,5184,139796
1421590528,2304,75,1024,5184,139796
1421590528,2304,75,1024,5184,139796
1422026272,1369,75,1024,5184,139796
1422401536,1936,75,1024,5184,139796
1422401536,1936,75,1024,5184,139796
1421586432,2401,75,1024,5184,139796
1421586432,2401,75,1024,5184,139796
1421586432,2401,75,1024,5184,139796
1422407200,1521,75,1024,5184,139796
1422407200,1521,75,1024,5184,139796
1422407200,1521,75,1024,5184,139796
1422030368,2116,75,1024,5184,139796
1422030368,2116,75,1024,5184,139796
1422030368,2116,75,1024,5184,139796
1422868480,1764,75,1024,5184,139796
1422868480,1764,75,1024,5184,139796
1422868480,1764,75,1024,5184,139796
1422024704,1156,75,1024,5184,139796
1422024704,1156,75,1024,5184,139796
1422024704,1156,75,1024,5184,139796
1422034464,2025,75,1024,5184,139796
1422034464,2025,75,1024,5184,139796
1422034464,2025,75,1024,5184,139796
1422034464,2025,75,1024,5184,139796
83838496,2500,75,1024,5184,139796
83838496,2500,75,1024,5184,139796
1421137440,1296,75,1024,5184,139796
1422876672,1600,75,1024,5184,139796
1422876672,1600,75,1024,5184,139796
1423332896,2601,75,1024,5184,139796
1423328800,1225,75,1024,5184,139796
1423328800,1225,75,1024,5184,139796
1423328800,1225,75,1024,5184,139796
1422872576,1444,75,1024,5184,139796
1963460128,1024,75,1024,5184,139796
1964365344,2025,75,1024,5184,139796
1970038304,1156,75,1024,5184,139796
1970036736,2704,75,1024,5184,139796
1970036736,2704,75,1024,5184,139796
1978205728,1024,75,1024,5184,139796
1978205728,1024,75,1024,5184,139796
1978204160,2116,75,1024,5184,139796
1978204160,2116,75,1024,5184,139796
1978204160,2116,75,1024,5184,139796
-1173041152,2209,75,1024,5184,139796
-1173041152,2209,75,1024,5184,139796
-1173041152,2209,75,1024,5184,139796
-1173043680,1225,75,1024,5184,139796
-1173043680,1225,75,1024,5184,139796
-1173043680,1225,75,1024,5184,139796
-1172557824,1296,75,1024,5184,139796
-1172557824,1296,75,1024,5184,139796
-1172557824,1296,75,1024,5184,139796
-1163993088,1681,75,1024,5184,139796
-1163993088,1681,75,1024,5184,139796
-1163993088,1681,75,1024,5184,139796
-1164437984,2209,75,1024,5184,139796
-1164437984,2209,75,1024,5184,139796
-1164437984,2209,75,1024,5184,139796
-1159626752,2304,75,1024,5184,139796
-1159626752,2304,75,1024,5184,139796
-1159626752,2304,75,1024,5184,139796
237264896,2401,75,1024,5184,139796
237264896,2401,75,1024,5184,139796
237264896,2401,75,1024,5184,139796
236799520,1024,75,1024,5184,139796
236799520,1024,75,1024,5184,139796
236799520,1024,75,1024,5184,139796
249349664,1089,75,1024,5184,139796
249349664,1089,75,1024,5184,139796
249349664,1089,75,1024,5184,139796
249349664,1089,75,1024,5184,139796
249349664,1089,75,1024,5184,139796
249349664,1089,75,1024,5184,139796
1762965024,2704,75,1024,5184,139796
1424827936,1936,75,1024,5184,139796
1424830464,5184,75,1024,5184,139796
1424830464,5184,75,1024,5184,139796
1424830464,5184,75,1024,5184,139796
1424830464,5184,75,1024,5184,139796
1424830464,5184,75,1024,5184,139796
1424830464,5184,75,1024,5184,139796
1424830464,5184,75,1024,5184,139796
1424830464,5184,75,1024,5184,139796
1424830464,5184,75,1024,5184,139796
1424830464,5184,75,1024,5184,139796
1424830464,5184,75,1024,5184,139796
1424830464,5184,75,1024,5184,139796
1424830464,5184,75,1024,5184,139796
1424830464,5184,75,1024,5184,139796
1424830464,5184,75,1024,5184,139796
1424830464,5184,75,1024,5184,139796
1424830464,5184,75,1024,5184,139796
1424830464,5184,75,1024,5184,139796
1424830464,5184,75,1024,5184,139796
1424830464,5184,75,1024,5184,139796
1424830464,1600,76,1024,5184,141396
1422878240,1600,76,1024,5184,141475
1422878240,1600,76,1024,5184,141475
1422878240,1600,76,1024,5184,141475
274519584,1600,76,1024,5184,141631
274519584,1600,76,1024,5184,141631
274519584,1600,76,1024,5184,141631
1423331328,1521,76,1024,5184,141631
1423331328,1521,76,1024,5184,141631
1423331328,1521,76,1024,5184,141631
272590368,1521,76,1024,5184,141631
272590368,1521,76,1024,5184,141631
272590368,1521,76,1024,5184,141631
272590368,1521,76,1024,5184,141631
272590368,1521,76,1024,5184,141631
272590368,1521,76,1024,5184,141631
1966170112,1444,76,1024,5184,141631
1965278752,2500,76,1024,5184,141730
1965278752,2500,76,1024,5184,141730
1965723648,2500,76,1024,5184,141829
1965725216,2401,76,1024,5184,141829
1965740032,2304,76,1024,5184,141829
1965740032,2304,76,1024,5184,141829
1965741600,2209,76,1024,5184,141829
1965268992,2116,76,1024,5184,141829
1965268992,2116,76,1024,5184,141829
1965268992,2116,76,1024,5184,141829
1965270560,2025,76,1024,5184,141829
1965273088,1936,76,1024,5184,141829
1965273088,1936,76,1024,5184,141829
1965274656,1849,76,1024,5184,141829
199467008,1764,76,1024,5184,141829
1421133344,1024,76,1024,5184,141829
1421133344,1024,76,1024,5184,141829
1421127680,1024,76,1024,5184,141829
1421127680,1024,76,1024,5184,141829
1421127680,1024,76,1024,5184,141829
1421127680,1024,76,1024,5184,141829
1421127680,1024,76,1024,5184,141829
1422870048,1225,76,1024,5184,141829
1422870048,1225,76,1024,5184,141829
1421131776,1089,76,1024,5184,141829
1422032896,1089,76,1024,5184,141829
1420703264,1681,76,1024,5184,141829
274522112,2209,76,1024,5184,141829
274522112,2209,76,1024,5184,141829
283852800,2116,76,1024,5184,141829
283852800,2116,76,1024,5184,141829
1422874144,1764,76,1024,5184,141829
1421129248,2704,76,1024,5184,141829
1421592096,1156,76,1024,5184,141829
1421592096,1156,76,1024,5184,141829
82400800,1296,76,1024,5184,141829
283856896,1521,76,1024,5184,141829
283856896,1521,76,1024,5184,141829
283856896,1521,76,1024,5184,141829
283856896,1521,76,1024,5184,141829
283856896,1521,76,1024,5184,141829
283848704,1600,76,1024,5184,141829
283848704,1600,76,1024,5184,141829
283848704,1600,76,1024,5184,141829
1420697600,1849,76,1024,5184,141829
1420697600,1849,76,1024,5184,141829
1420697600,1849,76,1024,5184,141829
1421135872,2500,76,1024,5184,141829
1421135872,2500,76,1024,5184,141829
1421135872,2500,76,1024,5184,141829
274526208,2704,76,1024,5184,141829
274526208,2704,76,1024,5184,141829
274526208,2704,76,1024,5184,141829
1420699168,2025,76,1024,5184,141829
1420699168,2025,76,1024,5184,141829
1420699168,2025,76,1024,5184,141829
283858464,2401,76,1024,5184,141829
283858464,2401,76,1024,5184,141829
283858464,2401,76,1024,5184,141829
283850272,2601,76,1024,5184,141829
283850272,2601,76,1024,5184,141829
283850272,2601,76,1024,5184,141829
1420701696,1936,76,1024,5184,141829
1420701696,1936,76,1024,5184,141829
1420701696,1936,76,1024,5184,141829
1422405632,2304,76,1024,5184,141829
1422405632,2304,76,1024,5184,141829
1421588000,2209,76,1024,5184,141829
1421588000,2209,76,1024,5184,141829
1421588000,2209,76,1024,5184,141829
1422028800,1444,76,1024,5184,141829
1422028800,1444,76,1024,5184,141829
1422028800,1444,76,1024,5184,141829
1422028800,1444,76,1024,5184,141829
1422028800,1444,76,1024,5184,141829
1423327232,1849,76,1024,5184,141829
283854368,1369,76,1024,5184,141829
283854368,1369,76,1024,5184,141829
1422403104,1681,76,1024,5184,141829
1422403104,1681,76,1024,5184,141829
1421590528,2304,76,1024,5184,141829
1421590528,2304,76,1024,5184,141829
1422026272,1369,76,1024,5184,141829
1422401536,1936,76,1024,5184,141829
1422401536,1936,76,1024,5184,141829
1421586432,2401,76,1024,5184,141829
1422407200,1521,76,1024,5184,141829
1422407200,1521,76,1024,5184,141829
1422407200,1521,76,1024,5184,141829
1422407200,1521,76,1024,5184,141829
1422030368,2116,76,1024,5184,141829
1422868480,1764,76,1024,5184,141829
1422868480,1764,76,1024,5184,141829
1422868480,1764,76,1024,5184,141829
1422024704,1156,76,1024,5184,141829
1422024704,1156,76,1024,5184,141829
1422024704,1156,76,1024,5184,141829
1422034464,2025,76,1024,5184,141829
1422034464,2025,76,1024,5184,141829
1422034464,2025,76,1024,5184,141829
83838496,2500,76,1024,5184,141829
83838496,2500,76,1024,5184,141829
83838496,2500,76,1024,5184,141829
1421137440,1296,76,1024,5184,141829
1421137440,1296,76,1024,5184,141829
1421137440,1296,76,1024,5184,141829
1422876672,1600,76,1024,5184,141829
1422876672,1600,76,1024,5184,141829
1422876672,1600,76,1024,5184,141829
1423332896,2601,76,1024,5184,141829
1423332896,2601,76,1024,5184,141829
1423332896,2601,76,1024,5184,141829
1423332896,2601,76,1024,5184,141829
1423332896,2601,76,1024,5184,141829
1423332896,2601,76,1024,5184,141829
1423328800,1225,76,1024,5184,141829
1422872576,1444,76,1024,5184,141829
1422872576,1444,76,1024,5184,141829
1963460128,1024,76,1024,5184,141829
1963460128,1024,76,1024,5184,141829
1964365344,2025,76,1024,5184,141829
1964365344,2025,76,1024,5184,141829
1970038304,1156,76,1024,5184,141829
1970036736,2704,76,1024,5184,141829
1978205728,1024,76,1024,5184,141829
1978204160,2116,76,1024,5184,141829
-1173041152,2209,76,1024,5184,141829
-1173041152,2209,76,1024,5184,141829
-1173043680,1225,76,1024,5184,141829
-1173043680,1225,76,1024,5184,141829
-1172557824,1296,76,1024,5184,141829
-1172557824,1296,76,1024,5184,141829
-1163993088,1681,76,1024,5184,141829
-1163993088,1681,76,1024,5184,141829
-1163993088,1681,76,1024,5184,141829
-1164437984,2209,76,1024,5184,141829
-1164437984,2209,76,1024,5184,141829
-1164437984,2209,76,1024,5184,141829
-1159626752,2304,76,1024,5184,141829
-1159626752,2304,76,1024,5184,141829
-1159626752,2304,76,1024,5184,141829
237264896,2401,76,1024,5184,141829
237264896,2401,76,1024,5184,141829
237264896,2401,76,1024,5184,141829
236799520,1024,76,1024,5184,141829
236799520,1024,76,1024,5184,141829
236799520,1024,76,1024,5184,141829
249349664,1089,76,1024,5184,141829
249349664,1089,76,1024,5184,141829
249349664,1089,76,1024,5184,141829
1762965024,2704,76,1024,5184,141829
1762965024,2704,76,1024,5184,141829
1762965024,2704,76,1024,5184,141829
1424826368,1936,76,1024,5184,141829
1424827936,5184,76,1024,5184,141829
1424827936,5184,76,1024,5184,141829
1424827936,5184,76,1024,5184,141829
1424827936,5184,76,1024,5184,141829
1424827936,5184,76,1024,5184,141829
1424827936,5184,76,1024,5184,141829
1424827936,5184,76,1024,5184,141829
1424827936,5184,76,1024,5184,141829
1424827936,5184,76,1024,5184,141829
1424827936,5184,76,1024,5184,141829
1424827936,5184,76,1024,5184,141829
1424827936,5184,76,1024,5184,141829
1424827936,5184,76,1024,5184,141829
1424827936,5184,76,1024,5184,141829
1424827936,5184,76,1024,5184,141829
1424827936,5184,76,1024,5184,141829
1424827936,5184,76,1024,5184,141829
1424827936,5184,76,1024,5184,141829
1424827936,5184,76,1024,5184,141829
1424827936,5184,76,1024,5184,141829
1424827936,5184,76,1024,5184,141829
1424827936,5184,76,1024,5184,141829
1424827936,5184,76,1024,5184,141829
1424827936,1600,77,1024,5184,143429
1424830464,1681,77,1024,5184,143510
1424830464,1681,77,1024,5184,143510
1422878240,1600,77,1024,5184,143510
274519584,1681,77,1024,5184,143591
274519584,1681,77,1024,5184,143591
274519584,1681,77,1024,5184,143591
1423331328,1600,77,1024,5184,143670
272590368,1521,77,1024,5184,143670
1966170112,1521,77,1024,5184,143747
1965278752,2601,77,1024,5184,143848
1965278752,2601,77,1024,5184,143848
1965723648,2500,77,1024,5184,143848
1965725216,2401,77,1024,5184,143848
1965725216,2401,77,1024,5184,143848
1965740032,2304,77,1024,5184,143848
1965741600,2209,77,1024,5184,143848
1965741600,2209,77,1024,5184,143848
1965268992,2116,77,1024,5184,143848
1965268992,2116,77,1024,5184,143848
1965268992,2116,77,1024,5184,143848
1965270560,2025,77,1024,5184,143848
1965270560,2025,77,1024,5184,143848
1965270560,2025,77,1024,5184,143848
1965273088,1936,77,1024,5184,143848
1965273088,1936,77,1024,5184,143848
1965273088,1936,77,1024,5184,143848
1965273088,1936,77,1024,5184,143848
1965273088,1936,77,1024,5184,143848
1965273088,1936,77,1024,5184,143848
1965274656,1849,77,1024,5184,143848
199467008,1764,77,1024,5184,143848
199467008,1764,77,1024,5184,143848
1421133344,1024,77,1024,5184,143848
1421127680,1024,77,1024,5184,143848
1421127680,1024,77,1024,5184,143848
1422870048,1225,77,1024,5184,143848
1421131776,1089,77,1024,5184,143848
1421131776,1089,77,1024,5184,143848
1422032896,1089,77,1024,5184,143848
1420703264,1681,77,1024,5184,143848
1420703264,1681,77,1024,5184,143848
274522112,2209,77,1024,5184,143848
283852800,2116,77,1024,5184,143848
283852800,2116,77,1024,5184,143848
1422874144,1764,77,1024,5184,143848
1421129248,2704,77,1024,5184,143848
1421129248,2704,77,1024,5184,143848
1421129248,2704,77,1024,5184,143848
1421592096,1156,77,1024,5184,143848
1421592096,1156,77,1024,5184,143848
1421592096,1156,77,1024,5184,143848
82400800,1296,77,1024,5184,143848
82400800,1296,77,1024,5184,143848
82400800,1296,77,1024,5184,143848
283856896,1521,77,1024,5184,143848
283856896,1521,77,1024,5184,143848
283856896,1521,77,1024,5184,143848
283848704,1600,77,1024,5184,143848
283848704,1600,77,1024,5184,143848
283848704,1600,77,1024,5184,143848
1420697600,1849,77,1024,5184,143848
1420697600,1849,77,1024,5184,143848
1420697600,1849,77,1024,5184,143848
1421135872,2500,77,1024,5184,143848
1421135872,2500,77,1024,5184,143848
1421135872,2500,77,1024,5184,143848
274526208,2704,77,1024,5184,143848
274526208,2704,77,1024,5184,143848
274526208,2704,77,1024,5184,143848
1420699168,2025,77,1024,5184,143848
1420699168,2025,77,1024,5184,143848
1420699168,2025,77,1024,5184,143848
283858464,2401,77,1024,5184,143848
283858464,2401,77,1024,5184,143848
283858464,2401,77,1024,5184,143848
283858464,2401,77,1024,5184,143848
283858464,2401,77,1024,5184,143848
283858464,2401,77,1024,5184,143848
283850272,2601,77,1024,5184,143848
1420701696,1936,77,1024,5184,143848
1422405632,2304,77,1024,5184,143848
1421588000,2209,77,1024,5184,143848
1421588000,2209,77,1024,5184,143848
1422028800,1444,77,1024,5184,143848
1423327232,1849,77,1024,5184,143848
283854368,1369,77,1024,5184,143848
283854368,1369,77,1024,5184,143848
1422403104,1681,77,1024,5184,143848
1421590528,2304,77,1024,5184,143848
1421590528,2304,77,1024,5184,143848
1422026272,1369,77,1024,5184,143848
1422401536,1936,77,1024,5184,143848
1422401536,1936,77,1024,5184,143848
1422401536,1936,77,1024,5184,143848
1422401536,1936,77,1024,5184,143848
1421586432,2401,77,1024,5184,143848
1421586432,2401,77,1024,5184,143848
1421586432,2401,77,1024,5184,143848
1422407200,1521,77,1024,5184,143848
1422407200,1521,77,1024,5184,143848
1422407200,1521,77,1024,5184,143848
1422030368,2116,77,1024,5184,143848
1422030368,2116,77,1024,5184,143848
1422030368,2116,77,1024,5184,143848
1422868480,1764,77,1024,5184,143848
1422868480,1764,77,1024,5184,143848
1422868480,1764,77,1024,5184,143848
1422024704,1156,77,1024,5184,143848
1422024704,1156,77,1024,5184,143848
1422024704,1156,77,1024,5184,143848
1422034464,2025,77,1024,5184,143848
1422034464,2025,77,1024,5184,143848
1422034464,2025,77,1024,5184,143848
83838496,2500,77,1024,5184,143848
83838496,2500,77,1024,5184,143848
83838496,2500,77,1024,5184,143848
1421137440,1296,77,1024,5184,143848
1421137440,1296,77,1024,5184,143848
1421137440,1296,77,1024,5184,143848
1422876672,1600,77,1024,5184,143848
1422876672,1600,77,1024,5184,143848
1422876672,1600,77,1024,5184,143848
1423332896,2601,77,1024,5184,143848
1423332896,2601,77,1024,5184,143848
1423332896,2601,77,1024,5184,143848
1423328800,1225,77,1024,5184,143848
1423328800,1225,77,1024,5184,143848
1423328800,1225,77,1024,5184,143848
1422872576,1444,77,1024,5184,143848
1422872576,1444,77,1024,5184,143848
1422872576,1444,77,1024,5184,143848
1963460128,1024,77,1024,5184,143848
1963460128,1024,77,1024,5184,143848
1963460128,1024,77,1024,5184,143848
1964365344,2025,77,1024,5184,143848
1964365344,2025,77,1024,5184,143848
1964365344,2025,77,1024,5184,143848
1970038304,1156,77,1024,5184,143848
1970038304,1156,77,1024,5184,143848
1970038304,1156,77,1024,5184,143848
1970036736,2704,77,1024,5184,143848
1970036736,2704,77,1024,5184,143848
1970036736,2704,77,1024,5184,143848
1978205728,1024,77,1024,5184,143848
1978205728,1024,77,1024,5184,143848
1978204160,2116,77,1024,5184,143848
1978204160,2116,77,1024,5184,143848
1978204160,2116,77,1024,5184,143848
-1173041152,2209,77,1024,5184,143848
-1173041152,2209,77,1024,5184,143848
-1173041152,2209,77,1024,5184,143848
-1173043680,1225,77,1024,5184,143848
-1173043680,1225,77,1024,5184,143848
-1173043680,1225,77,1024,5184,143848
-1172557824,1296,77,1024,5184,143848
-1172557824,1296,77,1024,5184,143848
-1172557824,1296,77,1024,5184,143848
-1163993088,1681,77,1024,5184,143848
-1163993088,1681,77,1024,5184,143848
-1163993088,1681,77,1024,5184,143848
-1164437984,2209,77,1024,5184,143848
-1164437984,2209,77,1024,5184,143848
-1164437984,2209,77,1024,5184,143848
-1164437984,2209,77,1024,5184,143848
-1164437984,2209,77,1024,5184,143848
-1159626752,2304,77,1024,5184,143848
237264896,2401,77,1024,5184,143848
237264896,2401,77,1024,5184,143848
236799520,1024,77,1024,5184,143848
249349664,1089,77,1024,5184,143848
249349664,1089,77,1024,5184,143848
1762965024,2704,77,1024,5184,143848
1424823840,1936,77,1024,5184,143848
1424826368,5184,77,1024,5184,143848
1424826368,5184,77,1024,5184,143848
1424826368,5184,77,1024,5184,143848
1424826368,5184,77,1024,5184,143848
1424826368,5184,77,1024,5184,143848
1424826368,5184,77,1024,5184,143848
1424826368,5184,77,1024,5184,143848
1424826368,5184,77,1024,5184,143848
1424826368,5184,77,1024,5184,143848
1424826368,5184,77,1024,5184,143848
1424826368,5184,77,1024,5184,143848
1424826368,5184,77,1024,5184,143848
1424826368,5184,77,1024,5184,143848
1424826368,5184,77,1024,5184,143848
1424826368,5184,77,1024,5184,143848
1424826368,5184,77,1024,5184,143848
1424826368,5184,77,1024,5184,143848
1424826368,5184,77,1024,5184,143848
1424826368,5184,77,1024,5184,143848
1424826368,5184,77,1024,5184,143848
1424826368,5184,77,1024,5184,143848
1424826368,5184,77,1024,5184,143848
1424826368,1681,78,1024,5184,145529
1424826368,1681,78,1024,5184,145529
1424827936,1764,78,1024,5184,145693
1424830464,1764,78,1024,5184,145776
1422878240,1764,78,1024,5184,145940
1422878240,1764,78,1024,5184,145940
274519584,1681,78,1024,5184,145940
1423331328,1600,78,1024,5184,145940
1423331328,1600,78,1024,5184,145940
272590368,1521,78,1024,5184,145940
272590368,1521,78,1024,5184,145940
272590368,1521,78,1024,5184,145940
1966170112,1521,78,1024,5184,145940
1966170112,1521,78,1024,5184,145940
1966170112,1521,78,1024,5184,145940
1965278752,2601,78,1024,5184,145940
1965278752,2601,78,1024,5184,145940
1965278752,2601,78,1024,5184,145940
1965723648,2500,78,1024,5184,145940
1965723648,2500,78,1024,5184,145940
1965723648,2500,78,1024,5184,145940
1965725216,2401,78,1024,5184,145940
1965725216,2401,78,1024,5184,145940
1965725216,2401,78,1024,5184,145940
1965740032,2304,78,1024,5184,145940
1965740032,2304,78,1024,5184,145940
1965740032,2304,78,1024,5184,145940
1965741600,2209,78,1024,5184,145940
1965741600,2209,78,1024,5184,145940
1965741600,2209,78,1024,5184,145940
1965741600,2209,78,1024,5184,145940
1965741600,2209,78,1024,5184,145940
1965268992,2116,78,1024,5184,145940
1965268992,2116,78,1024,5184,145940
1965270560,2025,78,1024,5184,145940
1965273088,1936,78,1024,5184,145940
1965273088,1936,78,1024,5184,145940
1965273088,1936,78,1024,5184,145940
1965274656,1849,78,1024,5184,145940
1965274656,1849,78,1024,5184,145940
1965274656,1849,78,1024,5184,145940
199467008,1764,78,1024,5184,145940
199467008,1764,78,1024,5184,145940
199467008,1764,78,1024,5184,145940
1421133344,1024,78,1024,5184,145940
1421133344,1024,78,1024,5184,145940
1421133344,1024,78,1024,5184,145940
1421127680,1024,78,1024,5184,145940
1421127680,1024,78,1024,5184,145940
1421127680,1024,78,1024,5184,145940
1422870048,1225,78,1024,5184,145940
1422870048,1225,78,1024,5184,145940
1422870048,1225,78,1024,5184,145940
1421131776,1089,78,1024,5184,145940
1421131776,1089,78,1024,5184,145940
1421131776,1089,78,1024,5184,145940
1422032896,1089,78,1024,5184,145940
1422032896,1089,78,1024,5184,145940
1422032896,1089,78,1024,5184,145940
1420703264,1681,78,1024,5184,145940
1420703264,1681,78,1024,5184,145940
1420703264,1681,78,1024,5184,145940
274522112,2209,78,1024,5184,145940
274522112,2209,78,1024,5184,145940
274522112,2209,78,1024,5184,145940
283852800,2116,78,1024,5184,145940
283852800,2116,78,1024,5184,145940
283852800,2116,78,1024,5184,145940
1422874144,1764,78,1024,5184,145940
1422874144,1764,78,1024,5184,145940
1422874144,1764,78,1024,5184,145940
1421129248,2704,78,1024,5184,145940
1421129248,2704,78,1024,5184,145940
1421592096,1156,78,1024,5184,145940
1421592096,1156,78,1024,5184,145940
1421592096,1156,78,1024,5184,145940
82400800,1296,78,1024,5184,145940
82400800,1296,78,1024,5184,145940
82400800,1296,78,1024,5184,145940
283856896,1521,78,1024,5184,145940
283856896,1521,78,1024,5184,145940
283856896,1521,78,1024,5184,145940
283848704,1600,78,1024,5184,145940
283848704,1600,78,1024,5184,145940
283848704,1600,78,1024,5184,145940
1420697600,1849,78,1024,5184,145940
1420697600,1849,78,1024,5184,145940
1420697600,1849,78,1024,5184,145940
1421135872,2500,78,1024,5184,145940
1421135872,2500,78,1024,5184,145940
1421135872,2500,78,1024,5184,145940
274526208,2704,78,1024,5184,145940
274526208,2704,78,1024,5184,145940
274526208,2704,78,1024,5184,145940
1420699168,2025,78,1024,5184,145940
1420699168,2025,78,1024,5184,145940
1420699168,2025,78,1024,5184,145940
283858464,2401,78,1024,5184,145940
283858464,2401,78,1024,5184,145940
283858464,2401,78,1024,5184,145940
283850272,2601,78,1024,5184,145940
283850272,2601,78,1024,5184,145940
283850272,2601,78,1024,5184,145940
1420701696,1936,78,1024,5184,145940
1420701696,1936,78,1024,5184,145940
1420701696,1936,78,1024,5184,145940
1422405632,2304,78,1024,5184,145940
1422405632,2304,78,1024,5184,145940
1422405632,2304,78,1024,5184,145940
1421588000,2209,78,1024,5184,145940
1421588000,2209,78,1024,5184,145940
1421588000,2209,78,1024,5184,145940
1422028800,1444,78,1024,5184,145940
1422028800,1444,78,1024,5184,145940
1422028800,1444,78,1024,5184,145940
1423327232,1849,78,1024,5184,145940
1423327232,1849,78,1024,5184,145940
1423327232,1849,78,1024,5184,145940
283854368,1369,78,1024,5184,145940
283854368,1369,78,1024,5184,145940
283854368,1369,78,1024,5184,145940
1422403104,1681,78,1024,5184,145940
1422403104,1681,78,1024,5184,145940
1421590528,2304,78,1024,5184,145940
1421590528,2304,78,1024,5184,145940
1421590528,2304,78,1024,5184,145940
1422026272,1369,78,1024,5184,145940
1422026272,1369,78,1024,5184,145940
1422026272,1369,78,1024,5184,145940
1422401536,1936,78,1024,5184,145940
1422401536,1936,78,1024,5184,145940
1422401536,1936,78,1024,5184,145940
1421586432,2401,78,1024,5184,145940
1421586432,2401,78,1024,5184,145940
1421586432,2401,78,1024,5184,145940
1422407200,1521,78,1024,5184,145940
1422407200,1521,78,1024,5184,145940
1422407200,1521,78,1024,5184,145940
1422030368,2116,78,1024,5184,145940
1422030368,2116,78,1024,5184,145940
1422030368,2116,78,1024,5184,145940
1422868480,1764,78,1024,5184,145940
1422868480,1764,78,1024,5184,145940
1422868480,1764,78,1024,5184,145940
1422024704,1156,78,1024,5184,145940
1422024704,1156,78,1024,5184,145940
1422024704,1156,78,1024,5184,145940
1422034464,2025,78,1024,5184,145940
1422034464,2025,78,1024,5184,145940
1422034464,2025,78,1024,5184,145940
83838496,2500,78,1024,5184,145940
83838496,2500,78,1024,5184,145940
83838496,2500,78,1024,5184,145940
83838496,2500,78,1024,5184,145940
83838496,2500,78,1024,5184,145940
83838496,2500,78,1024,5184,145940
1421137440,1296,78,1024,5184,145940
1422876672,1600,78,1024,5184,145940
1422876672,1600,78,1024,5184,145940
1423332896,2601,78,1024,5184,145940
1423328800,1225,78,1024,5184,145940
1423328800,1225,78,1024,5184,145940
1422872576,1444,78,1024,5184,145940
1963460128,1024,78,1024,5184,145940
1963460128,1024,78,1024,5184,145940
1964365344,2025,78,1024,5184,145940
1964365344,2025,78,1024,5184,145940
1964365344,2025,78,1024,5184,145940
1970038304,1156,78,1024,5184,145940
1970038304,1156,78,1024,5184,145940
1970038304,1156,78,1024,5184,145940
1970036736,2704,78,1024,5184,145940
1970036736,2704,78,1024,5184,145940
1970036736,2704,78,1024,5184,145940
1978205728,1024,78,1024,5184,145940
1978205728,1024,78,1024,5184,145940
1978205728,1024,78,1024,5184,145940
1978204160,2116,78,1024,5184,145940
1978204160,2116,78,1024,5184,145940
1978204160,2116,78,1024,5184,145940
-1173041152,2209,78,1024,5184,145940
-1173041152,2209,78,1024,5184,145940
-1173041152,2209,78,1024,5184,145940
-1173043680,1225,78,1024,5184,145940
-1173043680,1225,78,1024,5184,145940
-1173043680,1225,78,1024,5184,145940
-1172557824,1296,78,1024,5184,145940
-1172557824,1296,78,1024,5184,145940
-1172557824,1296,78,1024,5184,145940
-1163993088,1681,78,1024,5184,145940
-1163993088,1681,78,1024,5184,145940
-1163993088,1681,78,1024,5184,145940
-1164437984,2209,78,1024,5184,145940
-1164437984,2209,78,1024,5184,145940
-1164437984,2209,78,1024,5184,145940
-1159626752,2304,78,1024,5184,145940
-1159626752,2304,78,1024,5184,145940
-1159626752,2304,78,1024,5184,145940
237264896,2401,78,1024,5184,145940
237264896,2401,78,1024,5184,145940
237264896,2401,78,1024,5184,145940
236799520,1024,78,1024,5184,145940
236799520,1024,78,1024,5184,145940
236799520,1024,78,1024,5184,145940
249349664,1089,78,1024,5184,145940
249349664,1089,78,1024,5184,145940
249349664,1089,78,1024,5184,145940
1762965024,2704,78,1024,5184,145940
1762965024,2704,78,1024,5184,145940
1762965024,2704,78,1024,5184,145940
1424822272,1936,78,1024,5184,145940
1424823840,5184,78,1024,5184,145940
1424823840,5184,78,1024,5184,145940
1424823840,5184,78,1024,5184,145940
1424823840,5184,78,1024,5184,145940
1424823840,5184,78,1024,5184,145940
1424823840,5184,78,1024,5184,145940
1424823840,5184,78,1024,5184,145940
1424823840,5184,78,1024,5184,145940
1424823840,5184,78,1024,5184,145940
1424823840,5184,78,1024,5184,145940
1424823840,5184,78,1024,5184,145940
1424823840,5184,78,1024,5184,145940
1424823840,5184,78,1024,5184,145940
1424823840,5184,78,1024,5184,145940
1424823840,5184,78,1024,5184,145940
1424823840,5184,78,1024,5184,145940
1424823840,5184,78,1024,5184,145940
1424823840,5184,78,1024,5184,145940
1424823840,5184,78,1024,5184,145940
1424823840,5184,78,1024,5184,145940
1424823840,5184,78,1024,5184,145940
1424823840,5184,78,1024,5184,145940
1424823840,5184,78,1024,5184,145940
1424823840,5184,78,1024,5184,145940
1424823840,1764,79,1024,5184,147704
1424823840,1764,79,1024,5184,147704
1424826368,1849,79,1024,5184,147872
1424827936,1849,79,1024,5184,147957
1424827936,1849,79,1024,5184,147957
1424827936,1849,79,1024,5184,147957
1424830464,1764,79,1024,5184,147957
1424830464,1764,79,1024,5184,147957
1424830464,1764,79,1024,5184,147957
1422878240,1764,79,1024,5184,147957
1422878240,1764,79,1024,5184,147957
1422878240,1764,79,1024,5184,147957
274519584,1681,79,1024,5184,147957
274519584,1681,79,1024,5184,147957
274519584,1681,79,1024,5184,147957
1423331328,1600,79,1024,5184,147957
1423331328,1600,79,1024,5184,147957
1423331328,1600,79,1024,5184,147957
272590368,1600,79,1024,5184,148036
272590368,1600,79,1024,5184,148036
272590368,1600,79,1024,5184,148036
1966170112,1521,79,1024,5184,148036
1966170112,1521,79,1024,5184,148036
1966170112,1521,79,1024,5184,148036
1965278752,2601,79,1024,5184,148036
1965278752,2601,79,1024,5184,148036
1965278752,2601,79,1024,5184,148036
1965723648,2500,79,1024,5184,148036
1965723648,2500,79,1024,5184,148036
1965723648,2500,79,1024,5184,148036
1965725216,2401,79,1024,5184,148036
1965725216,2401,79,1024,5184,148036
1965725216,2401,79,1024,5184,148036
1965740032,2304,79,1024,5184,148036
1965740032,2304,79,1024,5184,148036
1965740032,2304,79,1024,5184,148036
1965741600,2209,79,1024,5184,148036
1965741600,2209,79,1024,5184,148036
1965741600,2209,79,1024,5184,148036
1965268992,2116,79,1024,5184,148036
1965268992,2116,79,1024,5184,148036
1965268992,2116,79,1024,5184,148036
1965270560,2025,79,1024,5184,148036
1965270560,2025,79,1024,5184,148036
1965270560,2025,79,1024,5184,148036
1965273088,1936,79,1024,5184,148036
1965273088,1936,79,1024,5184,148036
1965273088,1936,79,1024,5184,148036
1965274656,1849,79,1024,5184,148036
1965274656,1849,79,1024,5184,148036
1965274656,1849,79,1024,5184,148036
199467008,1764,79,1024,5184,148036
199467008,1764,79,1024,5184,148036
199467008,1764,79,1024,5184,148036
1421133344,1024,79,1024,5184,148036
1421133344,1024,79,1024,5184,148036
1421133344,1024,79,1024,5184,148036
1421127680,1024,79,1024,5184,148036
1421127680,1024,79,1024,5184,148036
1421127680,1024,79,1024,5184,148036
1422870048,1225,79,1024,5184,148036
1422870048,1225,79,1024,5184,148036
1422870048,1225,79,1024,5184,148036
1421131776,1089,79,1024,5184,148036
1421131776,1089,79,1024,5184,148036
1421131776,1089,79,1024,5184,148036
1422032896,1089,79,1024,5184,148036
1422032896,1089,79,1024,5184,148036
1422032896,1089,79,1024,5184,148036
1422032896,1089,79,1024,5184,148036
1422032896,1089,79,1024,5184,148036
1422032896,1089,79,1024,5184,148036
1420703264,1681,79,1024,5184,148036
274522112,2209,79,1024,5184,148036
274522112,2209,79,1024,5184,148036
283852800,2116,79,1024,5184,148036
1422874144,1764,79,1024,5184,148036
1421129248,2704,79,1024,5184,148036
1421592096,1156,79,1024,5184,148036
82400800,1296,79,1024,5184,148036
283856896,1521,79,1024,5184,148036
283848704,1600,79,1024,5184,148036
1420697600,1849,79,1024,5184,148036
1420697600,1849,79,1024,5184,148036
1421135872,2500,79,1024,5184,148036
1421135872,2500,79,1024,5184,148036
274526208,2704,79,1024,5184,148036
1420699168,2025,79,1024,5184,148036
283858464,2401,79,1024,5184,148036
283858464,2401,79,1024,5184,148036
283858464,2401,79,1024,5184,148036
283858464,2401,79,1024,5184,148036
283858464,2401,79,1024,5184,148036
283850272,2601,79,1024,5184,148036
283850272,2601,79,1024,5184,148036
283850272,2601,79,1024,5184,148036
1420701696,1936,79,1024,5184,148036
1420701696,1936,79,1024,5184,148036
1420701696,1936,79,1024,5184,148036
1422405632,2304,79,1024,5184,148036
1422405632,2304,79,1024,5184,148036
1422405632,2304,79,1024,5184,148036
1421588000,2209,79,1024,5184,148036
1421588000,2209,79,1024,5184,148036
1421588000,2209,79,1024,5184,148036
1422028800,1444,79,1024,5184,148036
1422028800,1444,79,1024,5184,148036
1422028800,1444,79,1024,5184,148036
1423327232,1849,79,1024,5184,148036
1423327232,1849,79,1024,5184,148036
1423327232,1849,79,1024,5184,148036
283854368,1369,79,1024,5184,148036
283854368,1369,79,1024,5184,148036
283854368,1369,79,1024,5184,148036
1422403104,1681,79,1024,5184,148036
1422403104,1681,79,1024,5184,148036
1422403104,1681,79,1024,5184,148036
1421590528,2304,79,1024,5184,148036
1421590528,2304,79,1024,5184,148036
1421590528,2304,79,1024,5184,148036
1422026272,1369,79,1024,5184,148036
1422026272,1369,79,1024,5184,148036
1422026272,1369,79,1024,5184,148036
1422401536,1936,79,1024,5184,148036
1422401536,1936,79,1024,5184,148036
1422401536,1936,79,1024,5184,148036
1421586432,2401,79,1024,5184,148036
1421586432,2401,79,1024,5184,148036
1421586432,2401,79,1024,5184,148036
1422407200,1521,79,1024,5184,148036
1422407200,1521,79,1024,5184,148036
1422030368,2116,79,1024,5184,148036
1422030368,2116,79,1024,5184,148036
1422030368,2116,79,1024,5184,148036
1422868480,1764,79,1024,5184,148036
1422868480,1764,79,1024,5184,148036
1422868480,1764,79,1024,5184,148036
1422024704,1156,79,1024,5184,148036
1422024704,1156,79,1024,5184,148036
1422024704,1156,79,1024,5184,148036
1422034464,2025,79,1024,5184,148036
1422034464,2025,79,1024,5184,148036
1422034464,2025,79,1024,5184,148036
83838496,2500,79,1024,5184,148036
83838496,2500,79,1024,5184,148036
83838496,2500,79,1024,5184,148036
1421137440,1296,79,1024,5184,148036
1421137440,1296,79,1024,5184,148036
1421137440,1296,79,1024,5184,148036
1422876672,1600,79,1024,5184,148036
1422876672,1600,79,1024,5184,148036
1422876672,1600,79,1024,5184,148036
1423332896,2601,79,1024,5184,148036
1423332896,2601,79,1024,5184,148036
1423332896,2601,79,1024,5184,148036
1423328800,1225,79,1024,5184,148036
1423328800,1225,79,1024,5184,148036
1423328800,1225,79,1024,5184,148036
1422872576,1444,79,1024,5184,148036
1422872576,1444,79,1024,5184,148036
1422872576,1444,79,1024,5184,148036
1422872576,1444,79,1024,5184,148036
1422872576,1444,79,1024,5184,148036
1422872576,1444,79,1024,5184,148036
1963460128,1024,79,1024,5184,148036
1964365344,2025,79,1024,5184,148036
1964365344,2025,79,1024,5184,148036
1970038304,1156,79,1024,5184,148036
1970036736,2704,79,1024,5184,148036
1970036736,2704,79,1024,5184,148036
1978205728,1024,79,1024,5184,148036
1978205728,1024,79,1024,5184,148036
1978204160,2116,79,1024,5184,148036
-1173041152,2209,79,1024,5184,148036
-1173041152,2209,79,1024,5184,148036
-1173043680,1225,79,1024,5184,148036
-1172557824,1296,79,1024,5184,148036
-1172557824,1296,79,1024,5184,148036
-1163993088,1681,79,1024,5184,148036
-1164437984,2209,79,1024,5184,148036
-1159626752,2304,79,1024,5184,148036
-1159626752,2304,79,1024,5184,148036
-1159626752,2304,79,1024,5184,148036
-1159626752,2304,79,1024,5184,148036
-1159626752,2304,79,1024,5184,148036
-1159626752,2304,79,1024,5184,148036
-1159626752,2304,79,1024,5184,148036
237264896,2401,79,1024,5184,148036
236799520,1024,79,1024,5184,148036
236799520,1024,79,1024,5184,148036
249349664,1089,79,1024,5184,148036
1762965024,2704,79,1024,5184,148036
1762965024,2704,79,1024,5184,148036
1425241632,1936,79,1024,5184,148036
1424822272,5184,79,1024,5184,148036
1424822272,5184,79,1024,5184,148036
1424822272,5184,79,1024,5184,148036
1424822272,5184,79,1024,5184,148036
1424822272,5184,79,1024,5184,148036
1424822272,5184,79,1024,5184,148036
1424822272,5184,79,1024,5184,148036
1424822272,5184,79,1024,5184,148036
1424822272,5184,79,1024,5184,148036
1424822272,5184,79,1024,5184,148036
1424822272,5184,79,1024,5184,148036
1424822272,5184,79,1024,5184,148036
1424822272,5184,79,1024,5184,148036
1424822272,5184,79,1024,5184,148036
1424822272,5184,79,1024,5184,148036
1424822272,5184,79,1024,5184,148036
1424822272,5184,79,1024,5184,148036
1424822272,5184,79,1024,5184,148036
1424822272,5184,79,1024,5184,148036
1424822272,5184,79,1024,5184,148036
1424822272,5184,79,1024,5184,148036
1424822272,5184,79,1024,5184,148036
1424822272,5184,79,1024,5184,148036
1424822272,5184,79,1024,5184,148036
1424822272,5184,79,1024,5184,148036
1424822272,5184,79,1024,5184,148036
1424822272,1849,80,1024,5184,149885
1424823840,1936,80,1024,5184,150057
1424826368,1936,80,1024,5184,150144
1424826368,1936,80,1024,5184,150144
1424827936,1849,80,1024,5184,150144
1424830464,1849,80,1024,5184,150229
1424830464,1849,80,1024,5184,150229
1422878240,1764,80,1024,5184,150229
274519584,1764,80,1024,5184,150312
274519584,1764,80,1024,5184,150312
274519584,1764,80,1024,5184,150312
274519584,1764,80,1024,5184,150312
1423331328,1681,80,1024,5184,150393
1423331328,1681,80,1024,5184,150393
1423331328,1681,80,1024,5184,150393
272590368,1600,80,1024,5184,150393
272590368,1600,80,1024,5184,150393
272590368,1600,80,1024,5184,150393
1966170112,1521,80,1024,5184,150393
1966170112,1521,80,1024,5184,150393
1966170112,1521,80,1024,5184,150393
1965278752,2601,80,1024,5184,150393
1965278752,2601,80,1024,5184,150393
1965278752,2601,80,1024,5184,150393
1965723648,2500,80,1024,5184,150393
1965723648,2500,80,1024,5184,150393
1965723648,2500,80,1024,5184,150393
1965723648,2500,80,1024,5184,150393
1965723648,2500,80,1024,5184,150393
1965723648,2500,80,1024,5184,150393
1965725216,2401,80,1024,5184,150393
1965740032,2304,80,1024,5184,150393
1965740032,2304,80,1024,5184,150393
1965741600,2209,80,1024,5184,150393
1965268992,2116,80,1024,5184,150393
1965270560,2025,80,1024,5184,150393
1965270560,2025,80,1024,5184,150393
1965273088,1936,80,1024,5184,150393
1965274656,1849,80,1024,5184,150393
1965274656,1849,80,1024,5184,150393
199467008,1764,80,1024,5184,150393
1421133344,1024,80,1024,5184,150393
1421133344,1024,80,1024,5184,150393
1421127680,1024,80,1024,5184,150393
1422870048,1225,80,1024,5184,150393
1421131776,1089,80,1024,5184,150393
1421131776,1089,80,1024,5184,150393
1422032896,1089,80,1024,5184,150393
1422032896,1089,80,1024,5184,150393
1422032896,1089,80,1024,5184,150393
1420703264,1681,80,1024,5184,150393
1420703264,1681,80,1024,5184,150393
1420703264,1681,80,1024,5184,150393
274522112,2209,80,1024,5184,150393
274522112,2209,80,1024,5184,150393
274522112,2209,80,1024,5184,150393
283852800,2116,80,1024,5184,150393
283852800,2116,80,1024,5184,150393
283852800,2116,80,1024,5184,150393
1422874144,1764,80,1024,5184,150393
1422874144,1764,80,1024,5184,150393
1422874144,1764,80,1024,5184,150393
1421129248,2704,80,1024,5184,150393
1421129248,2704,80,1024,5184,150393
1421129248,2704,80,1024,5184,150393
1421592096,1156,80,1024,5184,150393
1421592096,1156,80,1024,5184,150393
1421592096,1156,80,1024,5184,150393
82400800,1296,80,1024,5184,150393
82400800,1296,80,1024,5184,150393
82400800,1296,80,1024,5184,150393
283856896,1521,80,1024,5184,150393
283856896,1521,80,1024,5184,150393
283856896,1521,80,1024,5184,150393
283848704,1600,80,1024,5184,150393
283848704,1600,80,1024,5184,150393
283848704,1600,80,1024,5184,150393
1420697600,1849,80,1024,5184,150393
1420697600,1849,80,1024,5184,150393
1420697600,1849,80,1024,5184,150393
1421135872,2500,80,1024,5184,150393
1421135872,2500,80,1024,5184,150393
1421135872,2500,80,1024,5184,150393
1421135872,2500,80,1024,5184,150393
1421135872,2500,80,1024,5184,150393
274526208,2704,80,1024,5184,150393
1420699168,2025,80,1024,5184,150393
283858464,2401,80,1024,5184,150393
283850272,2601,80,1024,5184,150393
1420701696,1936,80,1024,5184,150393
1422405632,2304,80,1024,5184,150393
1422405632,2304,80,1024,5184,150393
1421588000,2209,80,1024,5184,150393
1422028800,1444,80,1024,5184,150393
1423327232,1849,80,1024,5184,150393
1423327232,1849,80,1024,5184,150393
283854368,1369,80,1024,5184,150393
1422403104,1681,80,1024,5184,150393
1422403104,1681,80,1024,5184,150393
1421590528,2304,80,1024,5184,150393
1421590528,2304,80,1024,5184,150393
1421590528,2304,80,1024,5184,150393
1421590528,2304,80,1024,5184,150393
1422026272,2304,79,1024,5184,149024
1422401536,2304,78,1024,5184,147088
1421586432,2304,77,1024,5184,144687
1422407200,2304,76,1024,5184,143166
1422030368,2304,75,1024,5184,141050
1422868480,2304,74,1024,5184,139286
1422024704,2304,73,1024,5184,138130
1422034464,2304,72,1024,5184,136105
83838496,2304,71,1024,5184,133605
1421137440,2304,70,1024,5184,132309
1422876672,2304,69,1024,5184,130709
1423332896,2304,68,1024,5184,128108
1423328800,2304,67,1024,5184,126883
1422872576,2304,66,1024,5184,125439
1963460128,2304,65,1024,5184,124415
1964365344,2304,64,1024,5184,122390
1970038304,2304,63,1024,5184,121234
1970036736,2304,62,1024,5184,118530
1978205728,2304,61,1024,5184,117506
1978204160,2304,60,1024,5184,115390
-1173041152,2304,59,1024,5184,113181
-1173043680,2304,58,1024,5184,111956
-1172557824,2304,57,1024,5184,110660
-1163993088,2304,56,1024,5184,108979
-1164437984,2304,55,1024,5184,106770
-1159626752,2304,54,1024,5184,104466
237264896,2304,53,1024,5184,102065
236799520,2304,52,1024,5184,101041
249349664,2304,51,1024,5184,99952
1762965024,2304,50,1024,5184,97248
1425240064,2304,49,1024,5184,95312
1425241632,2304,48,1024,2704,90128
1425241632,2304,48,1024,2704,90128
1424822272,2304,47,1024,2704,88279
1424823840,2304,46,1024,2704,86343
1424826368,2304,45,1024,2704,84407
1424826368,2304,45,1024,2704,84407
1424827936,2304,44,1024,2704,82558
1424830464,2304,43,1024,2704,80709
1422878240,2304,42,1024,2704,78945
274519584,2304,41,1024,2704,77181
1423331328,2304,40,1024,2704,75500
272590368,2304,39,1024,2704,73900
1966170112,2304,38,1024,2704,72379
1965278752,2304,37,1024,2704,69778
1965723648,2304,36,1024,2704,67278
1965725216,2304,35,1024,2704,64877
1965740032,2304,34,1024,2704,62573
1965741600,2304,33,1024,2704,60364
1965268992,2304,32,1024,2704,58248
1965270560,2304,31,1024,2704,56223
1965273088,2304,30,1024,2704,54287
1965274656,2304,29,1024,2704,52438
199467008,2304,28,1024,2704,50674
1421133344,2304,27,1024,2704,49650
1421127680,2304,26,1089,2704,48626
1422870048,2304,25,1089,2704,47401
1421131776,2304,24,1089,2704,46312
1422032896,2304,23,1156,2704,45223
1420703264,2304,22,1156,2704,43542
274522112,2304,21,1156,2704,41333
283852800,2304,20,1156,2704,39217
1422874144,2304,19,1156,2704,37453
1421129248,2304,18,1156,2704,34749
1421592096,2304,17,1296,2704,33593
82400800,2304,16,1369,2704,32297
283856896,2304,15,1369,2704,30776
283848704,2304,14,1369,2704,29176
1420697600,2304,13,1369,2704,27327
1421135872,2304,12,1369,2704,24827
274526208,2304,11,1369,2601,22123
1420699168,2304,10,1369,2601,20098
283858464,2304,9,1369,2601,17697
283850272,2304,8,1369,2304,15096
1420701696,2304,7,1369,2304,13160
1422405632,2304,6,1369,2304,10856
1421588000,2304,5,1369,2304,8647
1422028800,2304,4,1369,2304,7203
1423327232,2304,3,1369,2304,5354
283854368,2304,2,1681,2304,3985
1422403104,2304,1,2304,2304,2304
83841024,5184,88,5184,5184,456192
83841024,5184,88,5184,5184,456192
83841024,5184,88,5184,5184,456192
83841024,5184,88,5184,5184,456192
83841024,5184,88,5184,5184,456192
83841024,5184,88,5184,5184,456192
83841024,5184,88,5184,5184,456192
83841024,5184,88,5184,5184,456192
83841024,5184,88,5184,5184,456192
83841024,5184,88,5184,5184,456192
83841024,5184,88,5184,5184,456192
83841024,5184,88,5184,5184,456192
83841024,5184,88,5184,5184,456192
83841024,5184,88,5184,5184,456192
83841024,5184,88,5184,5184,456192
83841024,5184,88,5184,5184,456192
83841024,5184,88,5184,5184,456192
83841024,5184,88,5184,5184,456192
83841024,5184,88,5184,5184,456192
83841024,5184,88,5184,5184,456192
83841024,5184,88,5184,5184,456192
83841024,5184,88,5184,5184,456192
83841024,5184,88,5184,5184,456192
83841024,5184,88,5184,5184,456192
83841024,1936,89,1936,5184,458128
199467008,1936,88,1936,5184,452944
1762965024,1936,87,1936,5184,447760
1762965024,1936,87,1936,5184,447760
1762965024,1936,87,1936,5184,447760
1762965024,1024,88,1024,5184,448784
249349664,1024,87,1024,5184,443600
249349664,1024,87,1024,5184,443600
249349664,1024,87,1024,5184,443600
249349664,1024,87,1024,5184,443600
249349664,1024,87,1024,5184,443600
249349664,1024,87,1024,5184,443600
249349664,1024,87,1024,5184,443600
249349664,1024,87,1024,5184,443600
249349664,5184,88,1024,5184,448784
249349664,5184,89,1024,5184,453968
249349664,5184,90,1024,5184,459152
249349664,5184,90,1024,5184,459152
249349664,5184,93,1024,5184,474704
249349664,1764,94,1024,5184,476468
236799520,1764,93,1024,5184,471284
236799520,1764,93,1024,5184,471284
236799520,1764,93,1024,5184,471284
236799520,1764,93,1024,5184,471284
236799520,1764,93,1024,5184,471284
236799520,1764,93,1024,5184,471284
236799520,1764,93,1024,5184,471284
236799520,1764,93,1024,5184,471284
236799520,1764,93,1024,5184,471284
236799520,1764,93,1024,5184,471284
236799520,1764,93,1024,5184,471284
236799520,1764,93,1024,5184,471284
236799520,1764,93,1024,5184,471284
236799520,1764,93,1024,5184,471284
236799520,1764,93,1024,5184,471284
236799520,1764,93,1024,5184,471284
236799520,1764,93,1024,5184,471284
236799520,1764,93,1024,5184,471284
236799520,1764,93,1024,5184,471284
236799520,1764,93,1024,5184,471284
236799520,1764,93,1024,5184,471284
236799520,2304,94,1024,5184,473588
237264896,2304,93,1024,5184,468404
237264896,2304,93,1024,5184,468404
237264896,2304,93,1024,5184,468404
237264896,2304,93,1024,5184,468404
237264896,1089,94,1024,5184,469493
-1159626752,1089,93,1024,5184,464309
-1159626752,1089,93,1024,5184,464309
-1159626752,1024,94,1024,5184,465333
-1164437984,1024,93,1024,5184,460149
-1164437984,1024,93,1024,5184,460149
-1164437984,1024,93,1024,5184,460149
-1164437984,1024,93,1024,5184,460149
-1164437984,5184,94,1024,5184,465333
-1164437984,5184,94,1024,5184,465333
-1164437984,5184,94,1024,5184,465333
-1164437984,5184,94,1024,5184,465333
-1164437984,5184,94,1024,5184,465333
-1164437984,5184,94,1024,5184,465333
-1164437984,5184,94,1024,5184,465333
-1164437984,5184,94,1024,5184,465333
-1164437984,5184,94,1024,5184,465333
-1164437984,5184,94,1024,5184,465333
-1164437984,5184,94,1024,5184,465333
-1164437984,5184,94,1024,5184,465333
-1164437984,5184,94,1024,5184,465333
-1164437984,5184,94,1024,5184,465333
-1164437984,5184,94,1024,5184,465333
-1164437984,2116,95,1024,5184,467449
-1163993088,2116,94,1024,5184,462265
-1163993088,2116,94,1024,5184,462265
-1163993088,2116,94,1024,5184,462265
-1163993088,2116,94,1024,5184,462265
-1163993088,2116,94,1024,5184,462265
-1163993088,2116,94,1024,5184,462265
-1163993088,2116,94,1024,5184,462265
-1163993088,2116,94,1024,5184,462265
-1163993088,2116,94,1024,5184,462265
-1163993088,2116,94,1024,5184,462265
-1163993088,2116,94,1024,5184,462265
-1163993088,2116,94,1024,5184,462265
-1163993088,2116,94,1024,5184,462265
-1163993088,2116,94,1024,5184,462265
-1163993088,2116,94,1024,5184,462265
-1163993088,5184,95,1024,5184,467449
-1163993088,5184,95,1024,5184,467449
-1163993088,2025,96,1024,5184,469474
-1172557824,2025,95,1024,5184,464290
-1172557824,2025,95,1024,5184,464290
-1172557824,2025,95,1024,5184,464290
-1172557824,2025,95,1024,5184,464290
-1172557824,2025,95,1024,5184,464290
-1172557824,2025,95,1024,5184,464290
-1172557824,2025,95,1024,5184,464290
-1172557824,2025,95,1024,5184,464290
-1172557824,2025,95,1024,5184,464290
-1172557824,2025,95,1024,5184,464290
-1172557824,2025,95,1024,5184,464290
-1172557824,2025,95,1024,5184,464290
-1172557824,2025,95,1024,5184,464290
-1172557824,2025,95,1024,5184,464290
-1172557824,2025,95,1024,5184,464290
-1172557824,1936,96,1024,5184,466226
-1173043680,1936,95,1024,5184,461042
-1173043680,1936,95,1024,5184,461042
-1173043680,1936,95,1024,5184,461042
-1173043680,1936,95,1024,5184,461042
-1173043680,1936,95,1024,5184,461042
-1173043680,1936,95,1024,5184,461042
-1173043680,1936,95,1024,5184,461042
-1173043680,1936,95,1024,5184,461042
-1173043680,1936,95,1024,5184,461042
-1173043680,5184,96,1024,5184,466226
-1173043680,1521,97,1024,5184,467747
-1173041152,1521,96,1024,5184,462563
-1173041152,1521,96,1024,5184,462563
-1173041152,1521,96,1024,5184,462563
-1173041152,1521,96,1024,5184,462563
-1173041152,1521,96,1024,5184,462563
-1173041152,1521,96,1024,5184,462563
-1173041152,1521,96,1024,5184,462563
-1173041152,1225,97,1024,5184,463788
1978204160,1225,96,1024,5184,458604
1978204160,1225,96,1024,5184,458604
1978204160,1225,96,1024,5184,458604
1978204160,1225,96,1024,5184,458604
1978204160,1225,96,1024,5184,458604
1978204160,1225,96,1024,5184,458604
1978204160,1225,97,1024,5184,459829
1978205728,1225,96,1024,5184,454645
1978205728,1225,96,1024,5184,454645
1978205728,1225,96,1024,5184,454645
1978205728,1225,96,1024,5184,454645
1978205728,1225,96,1024,5184,454645
1978205728,1225,96,1024,5184,454645
1978205728,1225,96,1024,5184,454645
1978205728,1225,96,1024,5184,454645
1978205728,1225,96,1024,5184,454645
1978205728,1225,96,1024,5184,454645
1978205728,1225,96,1024,5184,454645
1978205728,1225,96,1024,5184,454645
1978205728,1225,96,1024,5184,454645
1978205728,1225,96,1024,5184,454645
1978205728,1225,96,1024,5184,454645
1978205728,1225,96,1024,5184,454645
1978205728,1936,97,1024,5184,456581
1970036736,1936,96,1024,5184,451397
1970036736,1936,96,1024,5184,451397
1970036736,5184,97,1024,5184,456581
1970036736,5184,97,1024,5184,456581
1970036736,5184,97,1024,5184,456581
1970036736,5184,97,1024,5184,456581
1970036736,5184,97,1024,5184,456581
1970036736,5184,97,1024,5184,456581
1970036736,5184,97,1024,5184,456581
1970036736,5184,97,1024,5184,456581
1970036736,5184,97,1024,5184,456581
1970036736,5184,97,1024,5184,456581
1970036736,5184,97,1024,5184,456581
1970036736,5184,97,1024,5184,456581
1970036736,5184,97,1024,5184,456581
1970036736,1936,98,1024,5184,458517
1970038304,1936,97,1024,5184,453333
1970038304,1936,97,1024,5184,453333
1970038304,1936,97,1024,5184,453333
1970038304,1024,98,1024,5184,454357
1966170112,1024,97,1024,5184,449173
1966170112,1024,97,1024,5184,449173
1966170112,1024,97,1024,5184,449173
1966170112,1024,97,1024,5184,449173
1966170112,1024,97,1024,5184,449173
1966170112,1024,97,1024,5184,449173
1966170112,1024,97,1024,5184,449173
1966170112,1024,97,1024,5184,449173
1966170112,1024,97,1024,5184,449173
1966170112,1024,97,1024,5184,449173
1966170112,1024,97,1024,5184,449173
1966170112,1024,97,1024,5184,449173
1966170112,1024,97,1024,5184,449173
1966170112,5184,98,1024,5184,454357
1966170112,5184,98,1024,5184,454357
1966170112,5184,98,1024,5184,454357
1966170112,5184,98,1024,5184,454357
1966170112,5184,98,1024,5184,454357
1966170112,5184,98,1024,5184,454357
1966170112,5184,98,1024,5184,454357
1966170112,5184,98,1024,5184,454357
1966170112,5184,98,1024,5184,454357
1966170112,2304,99,1024,5184,456661
1965278752,2304,98,1024,5184,451477
1965278752,2304,98,1024,5184,451477
1965278752,2304,98,1024,5184,451477
1965278752,2304,98,1024,5184,451477
1965278752,2304,98,1024,5184,451477
1965278752,2304,98,1024,5184,451477
1965278752,2304,98,1024,5184,451477
1965278752,2304,98,1024,5184,451477
1965278752,2304,98,1024,5184,451477
1965278752,2304,98,1024,5184,451477
1965278752,2304,98,1024,5184,451477
1965278752,2304,98,1024,5184,451477
1965278752,2304,98,1024,5184,451477
1965278752,2304,98,1024,5184,451477
1965278752,2304,98,1024,5184,451477
1965278752,2304,98,1024,5184,451477
1965278752,2304,98,1024,5184,451477
1965278752,2304,98,1024,5184,451477
1965278752,2304,99,1024,5184,453781
1965723648,2304,98,1024,5184,448597
1965723648,2304,98,1024,5184,448597
1965723648,2304,98,1024,5184,448597
1965723648,2304,98,1024,5184,448597
1965723648,2304,98,1024,5184,448597
1965723648,5184,99,1024,5184,453781
1965723648,5184,99,1024,5184,453781
1965723648,5184,99,1024,5184,453781
1965723648,5184,99,1024,5184,453781
1965723648,5184,99,1024,5184,453781
1965723648,5184,99,1024,5184,453781
1965723648,5184,99,1024,5184,453781
1965723648,5184,99,1024,5184,453781
1965723648,5184,99,1024,5184,453781
1965723648,2304,100,1024,5184,456085
1965725216,2304,99,1024,5184,450901
1965725216,2304,99,1024,5184,450901
1965725216,2304,99,1024,5184,450901
1965725216,2304,99,1024,5184,450901
1965725216,2304,99,1024,5184,450901
1965725216,2304,99,1024,5184,450901
1965725216,2304,99,1024,5184,450901
1965725216,2304,99,1024,5184,450901
1965725216,2304,99,1024,5184,450901
1965725216,2304,99,1024,5184,450901
1965725216,2304,99,1024,5184,450901
1965725216,2304,99,1024,5184,450901
1965725216,2304,99,1024,5184,450901
1965725216,2304,99,1024,5184,450901
1965725216,2304,99,1024,5184,450901
1965725216,2209,100,1024,5184,453110
1965740032,2209,99,1024,5184,447926
1965740032,2209,99,1024,5184,447926
1965740032,2209,99,1024,5184,447926
1965740032,2209,99,1024,5184,447926
1965740032,2209,99,1024,5184,447926
1965740032,2209,99,1024,5184,447926
1965740032,2209,99,1024,5184,447926
1965740032,2209,99,1024,5184,447926
1965740032,5184,100,1024,5184,453110
1965740032,5184,100,1024,5184,453110
1965740032,5184,100,1024,5184,453110
1965740032,5184,100,1024,5184,453110
1965740032,5184,100,1024,5184,453110
1965740032,5184,100,1024,5184,453110
1965740032,5184,100,1024,5184,453110
1965740032,2116,101,1024,5184,455226
1965741600,2116,100,1024,5184,450042
1965741600,2116,100,1024,5184,450042
1965741600,2116,100,1024,5184,450042
1965741600,2116,100,1024,5184,450042
1965741600,2116,100,1024,5184,450042
1965741600,2116,100,1024,5184,450042
1965741600,2116,100,1024,5184,450042
1965741600,2116,100,1024,5184,450042
1965741600,2116,100,1024,5184,450042
1965741600,2116,100,1024,5184,450042
1965741600,2116,100,1024,5184,450042
1965741600,2116,100,1024,5184,450042
1965741600,2025,101,1024,5184,452067
1965268992,2025,100,1024,5184,446883
1965268992,2025,100,1024,5184,446883
1965268992,2025,100,1024,5184,446883
1965268992,2025,100,1024,5184,446883
1965268992,2025,100,1024,5184,446883
1965268992,2025,100,1024,5184,446883
1965268992,2025,100,1024,5184,446883
1965268992,2025,100,1024,5184,446883
1965268992,2025,100,1024,5184,446883
1965268992,2025,100,1024,5184,446883
1965268992,5184,101,1024,5184,452067
1965268992,5184,101,1024,5184,452067
1965268992,5184,101,1024,5184,452067
1965268992,1936,102,1024,5184,454003
1965270560,1936,101,1024,5184,448819
1965270560,1936,101,1024,5184,448819
1965270560,1936,101,1024,5184,448819
1965270560,1936,101,1024,5184,448819
1965270560,1936,101,1024,5184,448819
1965270560,1936,101,1024,5184,448819
1965270560,1936,101,1024,5184,448819
1965270560,1936,101,1024,5184,448819
1965270560,1936,101,1024,5184,448819
1965270560,1936,101,1024,5184,448819
1965270560,1936,101,1024,5184,448819
1965270560,1849,102,1024,5184,450668
1965273088,1849,101,1024,5184,445484
1965273088,1849,101,1024,5184,445484
1965273088,1849,101,1024,5184,445484
1965273088,1849,101,1024,5184,445484
1965273088,1849,101,1024,5184,445484
1965273088,1849,101,1024,5184,445484
1965273088,1849,101,1024,5184,445484
1965273088,1849,101,1024,5184,445484
1965273088,1849,101,1024,5184,445484
1965273088,1849,101,1024,5184,445484
1965273088,1849,101,1024,5184,445484
1965273088,1764,102,1024,5184,447248
1965274656,1764,101,1024,5184,442064
1965274656,1764,101,1024,5184,442064
1965274656,1764,101,1024,5184,442064
1965274656,1764,101,1024,5184,442064
1965274656,1764,101,1024,5184,442064
1965274656,5184,102,1024,5184,447248
1965274656,5184,102,1024,5184,447248
1965274656,5184,102,1024,5184,447248
1965274656,5184,102,1024,5184,447248
1965274656,5184,102,1024,5184,447248
1965274656,5184,102,1024,5184,447248
1965274656,1681,103,1024,5184,448929
1964365344,1681,102,1024,5184,443745
1964365344,1681,102,1024,5184,443745
1964365344,1681,102,1024,5184,443745
1964365344,1681,102,1024,5184,443745
1964365344,1681,102,1024,5184,443745
1964365344,1681,102,1024,5184,443745
1964365344,1681,102,1024,5184,443745
1964365344,1681,102,1024,5184,443745
1964365344,1681,102,1024,5184,443745
1964365344,1681,102,1024,5184,443745
1964365344,1681,102,1024,5184,443745
1964365344,1681,103,1024,5184,445426
1963460128,1681,102,1024,5184,440242
1963460128,1681,102,1024,5184,440242
1963460128,1681,102,1024,5184,440242
1963460128,1681,102,1024,5184,440242
1963460128,1681,102,1024,5184,440242
1963460128,1089,103,1024,5184,441331
1425707008,1089,102,1024,5184,436147
1425707008,1089,102,1024,5184,436147
1425707008,1089,102,1024,5184,436147
1425707008,1089,102,1024,5184,436147
1425707008,1089,102,1024,5184,436147
1425707008,1089,102,1024,5184,436147
1425707008,1089,102,1024,5184,436147
1425707008,1089,102,1024,5184,436147
1425707008,5184,103,1024,5184,441331
1425707008,5184,103,1024,5184,441331
1425707008,5184,103,1024,5184,441331
1425707008,5184,103,1024,5184,441331
1425707008,5184,103,1024,5184,441331
1425707008,5184,103,1024,5184,441331
1425707008,5184,103,1024,5184,441331
1425707008,5184,103,1024,5184,441331
1425707008,5184,103,1024,5184,441331
1425707008,1764,104,1024,5184,443095
1425708576,5184,104,1024,5184,443095
1425708576,5184,104,1024,5184,443095
1425708576,5184,104,1024,5184,443095
1425708576,5184,104,1024,5184,443095
1425708576,5184,104,1024,5184,443095
1425708576,5184,104,1024,5184,443095
1425708576,5184,104,1024,5184,443095
1425708576,5184,104,1024,5184,443095
1425708576,5184,104,1024,5184,443095
1425708576,1024,105,1024,5184,444119
1425711104,5184,105,1024,5184,444119
1425711104,5184,105,1024,5184,444119
1425711104,5184,105,1024,5184,444119
1425711104,5184,105,1024,5184,444119
1425711104,5184,105,1024,5184,444119
1425711104,5184,105,1024,5184,444119
1425711104,5184,105,1024,5184,444119
1425711104,5184,107,1024,5184,450327
1425711104,5184,107,1024,5184,450327
1424832032,5184,107,1024,5184,450327
1424832032,5184,107,1024,5184,450327
1424832032,5184,107,1024,5184,450327
1424832032,5184,107,1024,5184,450327
1424832032,5184,107,1024,5184,450327
1424832032,5184,107,1024,5184,450327
1424832032,5184,107,1024,5184,450327
1424832032,5184,107,1024,5184,450327
1424832032,5184,107,1024,5184,450327
1424832032,961,108,961,5184,451288
1425235968,5184,108,961,5184,451288
1425235968,5184,108,961,5184,451288
1425235968,5184,108,961,5184,451288
1425235968,5184,108,961,5184,451288
1425235968,5184,108,961,5184,451288
1425235968,5184,108,961,5184,451288
1425235968,5184,108,961,5184,451288
1425235968,5184,108,961,5184,451288
1425235968,5184,108,961,5184,451288
1425235968,5184,108,961,5184,451288
1425235968,5184,108,961,5184,451288
1425235968,5184,108,961,5184,451288
1425235968,5184,108,961,5184,451288
1425235968,5184,108,961,5184,451288
1425235968,5184,108,961,5184,451288
1425235968,5184,108,961,5184,451288
1425235968,5184,109,961,5184,456472
1425235968,5184,109,961,5184,456472
1425235968,5184,109,961,5184,456472
1425235968,5184,109,961,5184,456472
1425235968,5184,109,961,5184,456472
1425235968,5184,109,961,5184,456472
1425235968,5184,109,961,5184,456472
1425235968,5184,109,961,5184,456472
1425235968,2209,110,961,5184,458681
1425237536,5184,110,961,5184,458681
1425237536,5184,110,961,5184,458681
1425237536,5184,110,961,5184,458681
1425237536,5184,110,961,5184,458681
1425237536,5184,110,961,5184,458681
1425237536,5184,110,961,5184,458681
1425237536,5184,110,961,5184,458681
1425237536,5184,110,961,5184,458681
1425237536,5184,110,961,5184,458681
1425237536,5184,110,961,5184,458681
1425237536,5184,110,961,5184,458681
1425237536,5184,110,961,5184,458681
1425237536,5184,110,961,5184,458681
1425237536,5184,110,961,5184,458681
1425237536,5184,110,961,5184,458681
1425237536,5184,111,961,5184,463865
1425237536,5184,111,961,5184,463865
1425237536,5184,111,961,5184,463865
1425237536,5184,111,961,5184,463865
1425237536,5184,111,961,5184,463865
1425237536,5184,111,961,5184,463865
1425237536,5184,111,961,5184,463865
1425237536,5184,111,961,5184,463865
1425237536,2116,112,961,5184,465981
1425241632,5184,112,961,5184,465981
1425241632,5184,112,961,5184,465981
1425241632,5184,112,961,5184,465981
1425241632,5184,112,961,5184,465981
1425241632,5184,112,961,5184,465981
1425241632,5184,112,961,5184,465981
1425241632,5184,112,961,5184,465981
1425241632,5184,112,961,5184,465981
1425241632,5184,112,961,5184,465981
1425241632,5184,112,961,5184,465981
1425241632,5184,112,961,5184,465981
1425241632,5184,112,961,5184,465981
1425241632,5184,112,961,5184,465981
1425241632,5184,112,961,5184,465981
1425241632,5184,112,961,5184,465981
1425241632,5184,112,961,5184,465981
1425241632,5184,112,961,5184,465981
1425241632,5184,112,961,5184,465981
1425241632,5184,112,961,5184,465981
1425241632,5184,112,961,5184,465981
1425241632,5184,113,961,5184,471165
1425241632,5184,113,961,5184,471165
1425241632,5184,113,961,5184,471165
1425241632,5184,113,961,5184,471165
1425241632,5184,113,961,5184,471165
1425241632,2116,114,961,5184,473281
1424822272,2116,113,961,5184,468097
1424822272,2116,113,961,5184,468097
1424822272,2116,113,961,5184,468097
1424822272,2116,113,961,5184,468097
1424822272,2116,113,961,5184,468097
1424822272,2116,113,961,5184,468097
1424822272,2116,113,961,5184,468097
1424822272,2116,113,961,5184,468097
1424822272,2116,113,961,5184,468097
1424822272,2116,113,961,5184,468097
1424822272,2116,113,961,5184,468097
1424822272,2116,113,961,5184,468097
1424822272,2116,113,961,5184,468097
1424822272,2116,113,961,5184,468097
1424822272,2116,113,961,5184,468097
1424822272,2116,114,961,5184,470213
1424823840,2116,113,961,5184,465029
1424823840,2116,113,961,5184,465029
1424823840,2116,113,961,5184,465029
1424823840,2116,113,961,5184,465029
1424823840,2116,113,961,5184,465029
1424823840,2116,113,961,5184,465029
1424823840,2116,113,961,5184,465029
1424823840,2116,113,961,5184,465029
1424823840,2116,113,961,5184,465029
1424823840,2116,113,961,5184,465029
1424823840,5184,114,961,5184,470213
1424823840,5184,114,961,5184,470213
1424823840,5184,114,961,5184,470213
1424823840,5184,114,961,5184,470213
1424823840,2025,115,961,5184,472238
1424826368,2025,114,961,5184,467054
1424826368,2025,114,961,5184,467054
1424826368,2025,114,961,5184,467054
1424826368,2025,114,961,5184,467054
1424826368,2025,114,961,5184,467054
1424826368,2025,114,961,5184,467054
1424826368,2025,114,961,5184,467054
1424826368,2025,114,961,5184,467054
1424826368,2025,114,961,5184,467054
1424826368,2025,114,961,5184,467054
1424826368,2025,114,961,5184,467054
1424826368,2025,114,961,5184,467054
1424826368,1936,115,961,5184,468990
1424827936,1936,114,961,5184,463806
1424827936,1936,114,961,5184,463806
1424827936,1936,114,961,5184,463806
1424827936,1936,114,961,5184,463806
1424827936,1936,114,961,5184,463806
1424827936,1936,114,961,5184,463806
1424827936,1936,114,961,5184,463806
1424827936,1936,114,961,5184,463806
1424827936,1936,114,961,5184,463806
1424827936,1936,114,961,5184,463806
1424827936,1936,114,961,5184,463806
1424827936,1849,115,961,5184,465655
1424830464,1849,114,961,5184,460471
1424830464,1849,114,961,5184,460471
1424830464,5184,115,961,5184,465655
1424830464,5184,115,961,5184,465655
1424830464,5184,115,961,5184,465655
1424830464,5184,115,961,5184,465655
1424830464,5184,115,961,5184,465655
1424830464,5184,115,961,5184,465655
1424830464,5184,115,961,5184,465655
1424830464,5184,115,961,5184,465655
1424830464,5184,115,961,5184,465655
1424830464,5184,115,961,5184,465655
1424830464,5184,115,961,5184,465655
1424830464,1764,116,961,5184,467419
1422878240,1764,115,961,5184,462235
1422878240,1764,115,961,5184,462235
1422878240,1764,115,961,5184,462235
1422878240,1764,115,961,5184,462235
1422878240,1764,115,961,5184,462235
1422878240,1764,115,961,5184,462235
1422878240,1764,115,961,5184,462235
1422878240,1764,115,961,5184,462235
1422878240,1764,115,961,5184,462235
1422878240,1764,115,961,5184,462235
1422878240,1764,115,961,5184,462235
1422878240,1681,116,961,5184,463916
274519584,1681,115,961,5184,458732
274519584,1681,115,961,5184,458732
274519584,1681,115,961,5184,458732
274519584,1681,115,961,5184,458732
274519584,1681,115,961,5184,458732
274519584,1681,115,961,5184,458732
274519584,1681,115,961,5184,458732
274519584,5184,116,961,5184,463916
274519584,5184,116,961,5184,463916
274519584,5184,116,961,5184,463916
274519584,5184,116,961,5184,463916
274519584,1600,117,961,5184,465516
1423331328,1600,116,961,5184,460332
1423331328,1600,116,961,5184,460332
1423331328,1600,116,961,5184,460332
1423331328,1600,116,961,5184,460332
1423331328,1600,116,961,5184,460332
1423331328,1600,116,961,5184,460332
1423331328,1600,116,961,5184,460332
1423331328,1600,116,961,5184,460332
1423331328,1600,116,961,5184,460332
1423331328,1600,117,961,5184,461932
272590368,1600,116,961,5184,456748
272590368,1600,116,961,5184,456748
272590368,1600,116,961,5184,456748
272590368,1600,116,961,5184,456748
272590368,1600,116,961,5184,456748
272590368,1600,116,961,5184,456748
272590368,1600,116,961,5184,456748
272590368,1600,116,961,5184,456748
272590368,1600,116,961,5184,456748
272590368,1600,116,961,5184,456748
272590368,1521,117,961,5184,458269
1423328800,1521,116,961,5184,453085
1423328800,1521,116,961,5184,453085
1423328800,1521,116,961,5184,453085
1423328800,1521,116,961,5184,453085
1423328800,1521,116,961,5184,453085
1423328800,1521,116,961,5184,453085
1423328800,5184,117,961,5184,458269
1423328800,5184,117,961,5184,458269
1423328800,5184,117,961,5184,458269
1423328800,1444,118,961,5184,459713
1423327232,1444,117,961,5184,454529
1423327232,1444,117,961,5184,454529
1423327232,1444,117,961,5184,454529
1423327232,1444,117,961,5184,454529
1423327232,1444,117,961,5184,454529
1423327232,1444,117,961,5184,454529
1423327232,1444,117,961,5184,454529
1423327232,1444,117,961,5184,454529
1423327232,1444,117,961,5184,454529
1423327232,1369,118,961,5184,455898
83838496,1369,117,961,5184,450714
83838496,1369,117,961,5184,450714
83838496,1369,117,961,5184,450714
83838496,1369,117,961,5184,450714
83838496,1369,117,961,5184,450714
83838496,1369,117,961,5184,450714
83838496,1369,117,961,5184,450714
83838496,1369,117,961,5184,450714
83838496,1296,118,961,5184,452010
1423332896,1296,117,961,5184,446826
1423332896,1296,117,961,5184,446826
1423332896,1296,117,961,5184,446826
1423332896,1296,117,961,5184,446826
1423332896,1296,117,961,5184,446826
1423332896,1296,117,961,5184,446826
1423332896,1296,117,961,5184,446826
1423332896,1225,118,961,5184,448051
1422868480,1225,117,961,5184,442867
1422868480,1225,117,961,5184,442867
1422868480,1225,117,961,5184,442867
1422868480,5184,118,961,5184,448051
1422868480,5184,118,961,5184,448051
1422868480,5184,118,961,5184,448051
1422868480,5184,118,961,5184,448051
1422868480,1225,119,961,5184,449276
1422870048,1225,118,961,5184,444092
1422870048,1225,118,961,5184,444092
1422870048,1225,118,961,5184,444092
1422870048,1225,118,961,5184,444092
1422870048,1225,118,961,5184,444092
1422870048,1225,118,961,5184,444092
1422870048,1225,118,961,5184,444092
1422870048,1225,118,961,5184,444092
1422870048,1089,119,961,5184,445181
1422872576,1089,118,961,5184,439997
1422872576,1089,118,961,5184,439997
1422872576,1089,118,961,5184,439997
1422872576,1089,118,961,5184,439997
1422872576,1089,118,961,5184,439997
1422872576,1089,119,961,5184,441086
1422874144,1089,118,961,5184,435902
1422874144,1089,118,961,5184,435902
1422874144,1089,118,961,5184,435902
1422874144,1089,118,961,5184,435902
1422874144,1024,119,961,5184,436926
1422876672,1024,118,961,5184,431742
1422876672,1024,118,961,5184,431742
1422876672,1024,118,961,5184,431742
1422876672,1024,118,961,5184,431742
1422876672,1024,118,961,5184,431742
1422876672,1024,118,961,5184,431742
1422876672,1024,118,961,5184,431742
1422876672,1024,118,961,5184,431742
1422876672,1024,118,961,5184,431742
1422876672,1024,118,961,5184,431742
1422876672,1024,118,961,5184,431742
1422876672,5184,119,961,5184,436926
1422876672,5184,119,961,5184,436926
1422876672,5184,119,961,5184,436926
1422876672,5184,119,961,5184,436926
1422876672,5184,119,961,5184,436926
1422876672,5184,119,961,5184,436926
1422876672,5184,119,961,5184,436926
1422876672,5184,119,961,5184,436926
1422876672,5184,119,961,5184,436926
1422876672,2304,120,961,5184,439230
1422034464,2304,119,961,5184,434046
1422034464,2304,119,961,5184,434046
1422034464,2304,119,961,5184,434046
1422034464,2304,119,961,5184,434046
1422034464,2304,119,961,5184,434046
1422034464,2304,119,961,5184,434046
1422034464,2304,119,961,5184,434046
1422034464,2304,119,961,5184,434046
1422034464,2304,119,961,5184,434046
1422034464,2304,119,961,5184,434046
1422034464,2304,119,961,5184,434046
1422034464,2304,119,961,5184,434046
1422034464,2304,119,961,5184,434046
1422034464,2304,119,961,5184,434046
1422034464,2304,119,961,5184,434046
1422034464,2304,119,961,5184,434046
1422034464,2304,119,961,5184,434046
1422034464,2401,120,961,5184,436447
1422401536,2401,119,961,5184,431263
1422401536,2401,119,961,5184,431263
1422401536,2401,119,961,5184,431263
1422401536,2401,119,961,5184,431263
1422401536,2401,119,961,5184,431263
1422401536,2401,119,961,5184,431263
1422401536,2401,119,961,5184,431263
1422401536,2401,119,961,5184,431263
1422401536,5184,120,961,5184,436447
1422401536,5184,120,961,5184,436447
1422401536,5184,120,961,5184,436447
1422401536,5184,120,961,5184,436447
1422401536,5184,120,961,5184,436447
1422401536,5184,120,961,5184,436447
1422401536,5184,120,961,5184,436447
1422401536,5184,120,961,5184,436447
1422401536,5184,120,961,5184,436447
1422401536,5184,120,961,5184,436447
1422401536,2304,121,961,5184,438751
1422403104,2304,120,961,5184,433567
1422403104,2304,120,961,5184,433567
1422403104,2304,120,961,5184,433567
1422403104,2304,120,961,5184,433567
1422403104,2304,120,961,5184,433567
1422403104,2304,120,961,5184,433567
1422403104,2304,120,961,5184,433567
1422403104,2304,120,961,5184,433567
1422403104,2304,120,961,5184,433567
1422403104,2304,120,961,5184,433567
1422403104,2304,120,961,5184,433567
1422403104,2304,120,961,5184,433567
1422403104,2304,120,961,5184,433567
1422403104,2304,120,961,5184,433567
1422403104,2304,120,961,5184,433567
1422403104,2304,120,961,5184,433567
1422403104,2304,120,961,5184,433567
1422403104,2304,120,961,5184,433567
1422403104,2304,120,961,5184,433567
1422403104,2116,121,961,5184,435683
1422405632,2116,120,961,5184,430499
1422405632,2116,120,961,5184,430499
1422405632,2116,120,961,5184,430499
1422405632,5184,121,961,5184,435683
1422405632,5184,121,961,5184,435683
1422405632,5184,121,961,5184,435683
1422405632,5184,121,961,5184,435683
1422405632,5184,121,961,5184,435683
1422405632,5184,121,961,5184,435683
1422405632,5184,121,961,5184,435683
1422405632,5184,121,961,5184,435683
1422405632,5184,121,961,5184,435683
1422405632,5184,121,961,5184,435683
1422405632,5184,121,961,5184,435683
1422405632,5184,121,961,5184,435683
1422405632,5184,121,961,5184,435683
1422405632,5184,121,961,5184,435683
1422405632,2025,122,961,5184,437708
1422407200,2025,121,961,5184,432524
1422407200,2025,121,961,5184,432524
1422407200,2025,121,961,5184,432524
1422407200,2025,121,961,5184,432524
1422407200,2025,121,961,5184,432524
1422407200,2025,121,961,5184,432524
1422407200,2025,121,961,5184,432524
1422407200,2025,121,961,5184,432524
1422407200,2025,121,961,5184,432524
1422407200,2025,121,961,5184,432524
1422407200,2025,121,961,5184,432524
1422407200,2025,121,961,5184,432524
1422407200,2025,121,961,5184,432524
1422407200,2025,121,961,5184,432524
1422407200,2025,121,961,5184,432524
1422407200,5184,122,961,5184,437708
1422407200,5184,122,961,5184,437708
1422407200,5184,122,961,5184,437708
1422407200,5184,122,961,5184,437708
1422407200,1936,123,961,5184,439644
1422024704,1936,122,961,5184,434460
1422024704,1936,122,961,5184,434460
1422024704,1936,122,961,5184,434460
1422024704,1936,122,961,5184,434460
1422024704,1936,122,961,5184,434460
1422024704,1936,122,961,5184,434460
1422024704,1936,122,961,5184,434460
1422024704,1936,122,961,5184,434460
1422024704,1936,122,961,5184,434460
1422024704,1936,122,961,5184,434460
1422024704,1936,122,961,5184,434460
1422024704,1936,122,961,5184,434460
1422024704,1936,122,961,5184,434460
1422024704,1936,122,961,5184,434460
1422024704,1936,122,961,5184,434460
1422024704,1849,123,961,5184,436309
1422026272,1849,122,961,5184,431125
1422026272,1849,122,961,5184,431125
1422026272,1849,122,961,5184,431125
1422026272,1849,122,961,5184,431125
1422026272,1849,122,961,5184,431125
1422026272,1849,122,961,5184,431125
1422026272,5184,123,961,5184,436309
1422026272,5184,124,961,5184,441493
1422026272,5184,124,961,5184,441493
1422026272,5184,124,961,5184,441493
1422026272,5184,124,961,5184,441493
1422026272,5184,124,961,5184,441493
1422026272,5184,124,961,5184,441493
1422026272,1849,125,961,5184,443342
1422028800,1849,124,961,5184,438158
1422028800,1849,124,961,5184,438158
1422028800,1849,124,961,5184,438158
1422028800,1849,124,961,5184,438158
1422028800,1849,124,961,5184,438158
1422028800,1849,124,961,5184,438158
1422028800,1849,124,961,5184,438158
1422028800,1849,124,961,5184,438158
1422028800,1849,124,961,5184,438158
1422028800,1849,124,961,5184,438158
1422028800,1849,124,961,5184,438158
1422028800,1849,124,961,5184,438158
1422028800,1849,124,961,5184,438158
1422028800,1849,124,961,5184,438158
1422028800,1764,125,961,5184,439922
1422030368,1764,124,961,5184,434738
1422030368,1764,124,961,5184,434738
1422030368,1764,124,961,5184,434738
1422030368,1764,124,961,5184,434738
1422030368,1764,124,961,5184,434738
1422030368,1764,124,961,5184,434738
1422030368,1764,124,961,5184,434738
1422030368,1764,124,961,5184,434738
1422030368,5184,125,961,5184,439922
1422030368,5184,125,961,5184,439922
1422030368,5184,125,961,5184,439922
1422030368,5184,125,961,5184,439922
1422030368,1681,126,961,5184,441603
1422032896,1681,125,961,5184,436419
1422032896,1681,125,961,5184,436419
1422032896,1681,125,961,5184,436419
1422032896,1681,125,961,5184,436419
1422032896,1681,125,961,5184,436419
1422032896,1681,125,961,5184,436419
1422032896,1681,125,961,5184,436419
1422032896,1681,125,961,5184,436419
1422032896,1681,125,961,5184,436419
1422032896,1681,125,961,5184,436419
1422032896,1681,125,961,5184,436419
1422032896,1681,125,961,5184,436419
1422032896,1681,125,961,5184,436419
1422032896,1681,125,961,5184,436419
1422032896,1681,125,961,5184,436419
1422032896,1600,126,961,5184,438019
1421137440,1600,125,961,5184,432835
1421137440,1600,125,961,5184,432835
1421137440,1600,125,961,5184,432835
1421137440,1600,125,961,5184,432835
1421137440,1600,125,961,5184,432835
1421137440,1600,125,961,5184,432835
1421137440,1600,125,961,5184,432835
1421137440,1600,125,961,5184,432835
1421137440,1600,125,961,5184,432835
1421137440,5184,126,961,5184,438019
1421137440,5184,126,961,5184,438019
1421137440,5184,126,961,5184,438019
1421137440,5184,126,961,5184,438019
1421137440,1521,127,961,5184,439540
1421586432,1521,126,961,5184,434356
1421586432,1521,126,961,5184,434356
1421586432,1521,126,961,5184,434356
1421586432,1521,126,961,5184,434356
1421586432,1521,126,961,5184,434356
1421586432,1521,126,961,5184,434356
1421586432,1521,126,961,5184,434356
1421586432,1521,126,961,5184,434356
1421586432,1521,126,961,5184,434356
1421586432,1521,126,961,5184,434356
1421586432,1521,126,961,5184,434356
1421586432,1521,126,961,5184,434356
1421586432,1444,127,961,5184,435800
1421588000,1444,126,961,5184,430616
1421588000,1444,126,961,5184,430616
1421588000,1444,126,961,5184,430616
1421588000,1444,126,961,5184,430616
1421588000,1444,126,961,5184,430616
1421588000,1444,126,961,5184,430616
1421588000,1444,126,961,5184,430616
1421588000,1444,126,961,5184,430616
1421588000,1444,126,961,5184,430616
1421588000,1444,126,961,5184,430616
1421588000,1444,126,961,5184,430616
1421588000,1369,127,961,5184,431985
1421590528,1369,126,961,5184,426801
1421590528,1369,126,961,5184,426801
1421590528,5184,127,961,5184,431985
1421590528,5184,127,961,5184,431985
1421590528,5184,127,961,5184,431985
1421590528,5184,129,961,5184,442353
1421590528,5184,129,961,5184,442353
1421590528,5184,129,961,5184,442353
1421590528,5184,129,961,5184,442353
1421590528,1296,130,961,5184,443649
1421592096,1296,129,961,5184,438465
1421592096,1296,129,961,5184,438465
1421592096,1296,129,961,5184,438465
1421592096,1296,129,961,5184,438465
1421592096,1296,129,961,5184,438465
1421592096,1296,129,961,5184,438465
1421592096,1296,129,961,5184,438465
1421592096,1296,129,961,5184,438465
1421592096,1296,129,961,5184,438465
1421592096,1296,129,961,5184,438465
1421592096,1296,129,961,5184,438465
1421592096,1296,130,961,5184,439761
1421127680,1296,129,961,5184,434577
1421127680,5184,130,961,5184,439761
1421127680,5184,130,961,5184,439761
1421127680,5184,131,961,5184,444945
1421127680,5184,131,961,5184,444945
1421127680,5184,132,961,5184,450129
1421127680,5184,133,961,5184,455313
1421127680,5184,133,961,5184,455313
1421127680,1225,134,961,5184,456538
1421129248,1225,133,961,5184,451354
1421129248,1225,133,961,5184,451354
1421129248,1225,133,961,5184,451354
1421129248,5184,134,961,5184,456538
1421129248,5184,134,961,5184,456538
1421129248,5184,135,961,5184,461722
1421129248,1156,136,961,5184,462878
1421131776,1156,135,961,5184,457694
1421131776,1156,135,961,5184,457694
1421131776,5184,136,961,5184,462878
1421131776,5184,136,961,5184,462878
1421131776,5184,137,961,5184,468062
1421131776,5184,137,961,5184,468062
1421131776,5184,137,961,5184,468062
1421131776,1089,138,961,5184,469151
1421133344,1089,137,961,5184,463967
1421133344,1089,137,961,5184,463967
1421133344,5184,138,961,5184,469151
1421133344,5184,138,961,5184,469151
1421133344,5184,138,961,5184,469151
1421133344,1024,139,961,5184,470175
1421135872,1024,138,961,5184,464991
1421135872,1024,138,961,5184,464991
1421135872,1024,138,961,5184,464991
1421135872,1024,138,961,5184,464991
1421135872,961,139,961,5184,465952
283858464,961,138,961,5184,460768
283858464,5184,139,961,5184,465952
283858464,5184,140,961,5184,471136
283858464,5184,142,961,5184,481504
283858464,5184,142,961,5184,481504
283858464,5184,142,961,5184,481504
283858464,5184,142,961,5184,481504
283858464,5184,142,961,5184,481504
283858464,5184,142,961,5184,481504
283858464,5184,142,961,5184,481504
283858464,5184,142,961,5184,481504
283858464,5184,142,961,5184,481504
283858464,5184,142,961,5184,481504
283858464,5184,142,961,5184,481504
283858464,5184,142,961,5184,481504
283858464,5184,142,961,5184,481504
283858464,5184,142,961,5184,481504
283858464,5184,142,961,5184,481504
283858464,5184,142,961,5184,481504
283858464,5184,142,961,5184,481504
283858464,5184,142,961,5184,481504
283858464,2304,143,961,5184,483808
1420697600,2304,142,961,5184,478624
1420697600,2304,142,961,5184,478624
1420697600,2304,142,961,5184,478624
1420697600,2304,142,961,5184,478624
1420697600,2304,142,961,5184,478624
1420697600,2304,142,961,5184,478624
1420697600,2304,142,961,5184,478624
1420697600,2304,142,961,5184,478624
1420697600,2304,142,961,5184,478624
1420697600,2304,142,961,5184,478624
1420697600,2304,142,961,5184,478624
1420697600,2304,142,961,5184,478624
1420697600,2304,142,961,5184,478624
1420697600,2304,142,961,5184,478624
1420697600,2304,142,961,5184,478624
1420697600,2304,142,961,5184,478624
1420697600,2304,142,961,5184,478624
1420697600,2304,142,961,5184,478624
74227712,5184,2,5184,5184,10368
60266016,5184,1,5184,5184,5184
